entry_rank,contributor,first_deposit_time,first_hour,max_early_bps,max_single_deposit_eth,final_weight_eth,approx_points,deposit_count,cluster_size,large_cluster,farm_pattern_90_100,possible_shell,identical_profile,profile_size
1,0x200e710acaa6a93bbc77146026328c40f1d60fb1,2026-08-16 20:02:23.000 UTC,0,19975,0.05,0.0999,316,1,1,false,false,true,true,24
2,0x84cb570cfea8c6afd3b6c1ab491db754886bf8e7,2026-08-16 20:12:47.000 UTC,0,19903,1.69,3.3589,1832.7,2,1,false,false,false,false,1
3,0xfb0d8b94027c5109ae89c5f08b025cc598cf6f49,2026-08-16 20:16:23.000 UTC,0,19878,53.7,103.6578,10181.2,3,1,false,false,false,false,1
4,0x0a33bb5047489ee4fad6604f3fa5fc65e4df378c,2026-08-16 20:17:35.000 UTC,0,19870,3.1,4.2786,2068.5,17,1,false,false,false,false,1
5,0xcd211569a108fdac74d729ba7358a743a3c2e08d,2026-08-16 20:19:59.000 UTC,0,19853,1.67,3.3041,1817.7,2,2,false,false,false,false,1
6,0x5f6679226356a626bf8415f87f4dc089670679ce,2026-08-16 20:19:59.000 UTC,0,19853,0.4,0.7941,891.1,1,2,false,false,false,false,1
7,0xa227a71e217173de3edcbfb66607e3ef283e4a82,2026-08-16 20:20:11.000 UTC,0,19852,2,3.9139,1978.3,2,1,false,false,false,false,1
8,0xa1c64f69f35517620caddeece857d2e9d938e8cc,2026-08-16 20:21:11.000 UTC,0,19845,1,1.9779,1406.4,3,1,false,false,false,false,1
9,0xf2369008053ca8e6fd7a0ccea3baf0915eff1149,2026-08-16 20:21:47.000 UTC,0,19841,0.3,0.583,763.5,3,2,false,false,false,false,1
10,0x0f78bcca510d3865c42a956afc811543eee9e736,2026-08-16 20:21:47.000 UTC,0,19841,10,18.3902,4288.4,10,2,false,false,false,false,1
11,0x1a751188343bee997ff2132f5454e0b5da477705,2026-08-16 20:23:35.000 UTC,0,19828,3.8,7.5108,2740.6,2,1,false,false,false,false,1
12,0x8dcdb2db0268cde7b5c55492ef31e4fa3d187ac8,2026-08-16 20:25:11.000 UTC,0,19817,0.05,0.0991,314.8,1,1,false,false,true,true,24
13,0x5869458f360d8c1ce49e35fccb3d0a1f25e8d533,2026-08-16 20:25:23.000 UTC,0,19816,7.0778,13.8325,3719.2,2,1,false,false,false,false,1
14,0x6c39d7e6d7689b7a0d81aff7cc8a346fe054ff13,2026-08-16 20:25:47.000 UTC,0,19813,0.9,1.7786,1333.6,3,1,false,false,false,false,1
15,0x356422bce99809efbf348c2a21a0f54fa98f74ad,2026-08-16 20:26:23.000 UTC,0,19809,0.7,1.3855,1177.1,2,1,false,false,false,false,1
16,0x5359acbef3ede7f6bbe748105f421c6140d32f93,2026-08-16 20:27:35.000 UTC,0,19800,0.05,0.099,314.6,1,1,false,false,true,true,24
17,0x1edf4a63ed081aa473e6c764e59931c37d70d10d,2026-08-16 20:30:35.000 UTC,0,19780,0.05,0.0989,314.5,1,1,false,false,true,true,24
18,0xf8ac5532cf5d261c00c5a71c246225256db6424d,2026-08-16 20:30:47.000 UTC,0,19778,1.2,2.3572,1535.3,12,1,false,false,false,false,1
19,0xa8c4aa8aa2673918605211cad32631aaf3aad0ee,2026-08-16 20:32:11.000 UTC,0,19769,0.2429,0.4633,680.7,2,1,false,false,false,false,1
20,0xfc36db952de0156ad45a9c6654cab1ba07dadec2,2026-08-16 20:32:35.000 UTC,0,19766,1,1.9384,1392.3,2,3,false,false,false,false,1
21,0x64d65e1c4f2e70dc1114f14c6505678c048da7ec,2026-08-16 20:32:35.000 UTC,0,19766,0.055,0.1087,329.7,1,3,false,false,true,true,24
22,0xbb24cda09cb5a838ec93bae56278dc799f34feb4,2026-08-16 20:32:35.000 UTC,0,19766,170,333.596,18264.6,3,3,false,false,false,false,1
23,0x1cbd934eaf49fe310ba4e27606029c9def0168e3,2026-08-16 20:34:23.000 UTC,0,19753,3.6,7.0308,2651.6,4,1,false,false,false,false,1
24,0x117666ca1e398f5facd20ad95812547d6a294188,2026-08-16 20:34:47.000 UTC,0,19750,10.2,20.1441,4488.2,3,1,false,false,false,false,1
25,0xb4b8ca0da5b9e3d21da50ebac065c32d8d30223d,2026-08-16 20:35:47.000 UTC,0,19744,0.3,0.5923,769.6,1,1,false,false,false,false,1
26,0x6cbee5bba3e771ffe27529b9bbb4158a210bf31c,2026-08-16 20:36:59.000 UTC,0,19735,0.06,0.1184,344.1,1,1,false,false,true,true,24
27,0x0bc208668fc26079a688dc02eaa7c3e395f41ea0,2026-08-16 20:37:11.000 UTC,0,19734,4.1,7.9984,2828.1,4,2,false,false,false,false,1
28,0xaa90befc76b37f487eec5c1a593ea5b9826440be,2026-08-16 20:37:11.000 UTC,0,19734,0.2,0.3937,627.4,2,2,false,false,false,false,1
29,0xb133ae084c2c914fb5b47af6b55c46f1bffeb2fc,2026-08-16 20:37:23.000 UTC,0,19732,2,3.9324,1983,10,1,false,false,false,false,1
30,0x2acb1b6a22fbf3f5aacdc22709624622a8aef391,2026-08-16 20:37:35.000 UTC,0,19731,0.05,0.0987,314.1,1,1,false,false,true,true,24
31,0xaf3c7db3a8ca9fe3dc12930b8c93862c490270f9,2026-08-16 20:38:23.000 UTC,0,19725,0.05,0.0986,314,1,1,false,false,true,true,24
32,0xddf76229fc7467699fd73015c5fa7c31cc34de8b,2026-08-16 20:38:35.000 UTC,0,19724,0.05,0.0986,314,1,1,false,false,true,true,24
33,0xe9dc9fecdd9ece9d6510e1521ede1fd350a5b32a,2026-08-16 20:38:59.000 UTC,0,19721,0.05,0.0986,314,1,1,false,false,true,true,24
34,0xdea10e83d50fa5291735b87da783f86b78df0a60,2026-08-16 20:39:11.000 UTC,0,19720,2.06,4.0431,2010.7,2,1,false,false,false,false,1
35,0x2c4109e0f6aa46986c66ddcd66c6c7c80cebb4d7,2026-08-16 20:39:23.000 UTC,0,19719,3.55,6.8336,2614.1,36,1,false,false,false,false,1
36,0x4ac4a33101abb2aa21167de2b881429b915818a3,2026-08-16 20:41:35.000 UTC,0,19703,63.5,125.0828,11184,2,1,false,false,false,false,1
37,0x2a407a15cbb71ae28ec10aad30b7f2e4ee4f3e1b,2026-08-16 20:42:11.000 UTC,0,19699,0.05,0.0985,313.8,1,1,false,false,true,true,24
38,0xb3a898e8e48ed3fb1b6e147448de0f84be977876,2026-08-16 20:42:47.000 UTC,0,19695,0.05,0.0985,313.8,1,1,false,false,true,true,24
39,0x21605b0669ba6df9830372fadf7ddcc843bbc3cd,2026-08-16 20:42:59.000 UTC,0,19694,0.3,0.5908,768.6,1,1,false,false,false,false,1
40,0xd89424fbd54c73dab3e9efb7712ceb42c262ae76,2026-08-16 20:43:35.000 UTC,0,19689,1.1,2.1658,1471.7,1,1,false,false,false,false,1
41,0xad128b4fd496ca73eb54b93529a0519c875125ce,2026-08-16 20:45:11.000 UTC,0,19678,0.1,0.1968,443.6,1,1,false,false,false,true,7
42,0x997768db040a75e7b9828a8d2ca284ac9ac285c2,2026-08-16 20:45:23.000 UTC,0,19677,19.89,39.1376,6256,1,1,false,false,false,false,1
43,0x9f8b044f1b7ae5e7b39feabf2cc1ca29f8696969,2026-08-16 20:45:47.000 UTC,0,19674,0.49,0.964,981.8,1,2,false,false,false,false,1
44,0x18d83900be18130e5eef42d9b95b22035436cfda,2026-08-16 20:45:47.000 UTC,0,19674,0.05,0.0984,313.6,1,2,false,false,true,true,24
45,0x29e7a8f8fac7459a245a20e8e00e4dcbf36de34f,2026-08-16 20:46:23.000 UTC,0,19670,1.5,2.9505,1717.7,1,1,false,false,false,false,1
46,0x280256a8fedb77a95de57e4283caee8fa79df393,2026-08-16 20:46:35.000 UTC,0,19669,0.05,0.0983,313.6,1,1,false,false,true,true,24
47,0x381fe486d87c7f2633c777f1b5be3105a2a51744,2026-08-16 20:46:47.000 UTC,0,19667,461.1,902.1074,30035.1,2,1,false,false,false,false,1
48,0x2d3162890e0a81bb0f4a1f65e8878d20853f6216,2026-08-16 20:46:59.000 UTC,0,19666,0.6,1.1767,1084.8,2,1,false,false,false,false,1
49,0x3deae4151a506e30db9dc355e5916dd092eb16c5,2026-08-16 20:47:11.000 UTC,0,19664,0.05,0.0983,313.6,1,2,false,false,true,true,24
50,0x277c74f45724945b2066f305fcb5a609312390e2,2026-08-16 20:47:11.000 UTC,0,19664,0.55,0.768,876.3,6,2,false,false,false,false,1
51,0xc0aa7dc633e1302be1e46f54a50f8277e3eeeffe,2026-08-16 20:47:35.000 UTC,0,19662,0.05,0.0983,313.5,1,1,false,false,true,true,24
52,0xbc87ca75ee832c4d6894790958ba8c9d3b48beb6,2026-08-16 20:47:47.000 UTC,0,19660,60,117.96,10860.9,1,1,false,false,false,false,1
53,0x0349b10a1a14384472e0b77c00355f4c434218c1,2026-08-16 20:48:11.000 UTC,0,19657,0.06,0.1179,343.4,1,2,false,false,true,true,24
54,0xf942ae085a1e99c14bd96d8dffece904edacd375,2026-08-16 20:48:11.000 UTC,0,19657,0.9,1.7691,1330.1,1,2,false,false,false,false,1
55,0x454dfa08059be8e099b5abd4eae322aa5446a103,2026-08-16 20:48:23.000 UTC,0,19656,60,117.936,10859.8,1,1,false,false,false,false,1
56,0xac0b17cb215403425600b24a0e354384f2682d32,2026-08-16 20:48:59.000 UTC,0,19652,60,117.912,10858.7,1,3,false,false,false,false,1
57,0x75dc5dcd70311a9b45da9d41fa9882d6badff108,2026-08-16 20:48:59.000 UTC,0,19652,0.05,0.0983,313.5,1,3,false,false,true,true,24
58,0xba76105002555307564e7b873369fd4f4fd61abb,2026-08-16 20:48:59.000 UTC,0,19652,3.05,5.9448,2438.2,31,3,false,false,false,false,1
59,0x0dd29a896e1f200efdf2f6df76d27e23df04413d,2026-08-16 20:49:11.000 UTC,0,19650,8,15.72,3964.8,1,1,false,false,false,false,1
60,0x3195c3f94154364e897711e501e104f40d8e23fb,2026-08-16 20:49:23.000 UTC,0,19649,0.1,0.1965,443.3,1,1,false,false,false,true,7
61,0x0d90934796058214969880d861e0973eebcb62f8,2026-08-16 20:49:47.000 UTC,0,19646,0.05,0.0982,313.4,1,1,false,false,true,true,24
62,0x9e6d507bbe988cf6b04f761ebdd56a13486a3554,2026-08-16 20:50:11.000 UTC,0,19644,60,117.864,10856.5,1,2,false,false,false,false,1
63,0xa394ac5fab69542a9f2c8e291c4770078aa12d0a,2026-08-16 20:50:11.000 UTC,0,19644,0.05,0.0982,313.4,1,2,false,false,true,true,24
64,0x897bccce901cedf765ffad08f560b33329ddabe7,2026-08-16 20:50:23.000 UTC,0,19642,1.3,2.5483,1596.4,3,3,false,false,false,false,1
65,0x15157bbbe2a782796e9674282e11b9c6b3ce17a2,2026-08-16 20:50:23.000 UTC,0,19642,0.05,0.0982,313.4,1,3,false,false,true,true,24
66,0x56289a9680906ea2838cc21fac8e8bf2111d1883,2026-08-16 20:50:23.000 UTC,0,19642,0.098,0.1925,438.7,1,3,false,false,false,true,7
67,0xc1a0a95eeecabebb15569a602bbbc5ffa69a23ea,2026-08-16 20:50:47.000 UTC,0,19639,0.089,0.1748,418.1,1,2,false,false,false,true,7
68,0x7f78c53cfbb7c43627f3f9e1cec119e9bafc62c6,2026-08-16 20:50:47.000 UTC,0,19639,60,117.834,10855.1,1,2,false,false,false,false,1
69,0x3117942898099e2f5d8073386900a182d20ce7a5,2026-08-16 20:51:23.000 UTC,0,19635,0.1,0.1964,443.1,1,1,false,false,false,true,7
70,0x0a007423ae4c747a4de199c860faeaf5623d7a1f,2026-08-16 20:51:59.000 UTC,0,19631,0.55,0.8031,896.1,6,2,false,false,false,false,1
71,0xf0f9d2d136e414ab6e73175d67fe73e87351ca4e,2026-08-16 20:51:59.000 UTC,0,19631,60,117.786,10852.9,1,2,false,false,false,false,1
72,0x9624155ef10797206224eea2256849dc3c468554,2026-08-16 20:52:35.000 UTC,0,19627,60,117.762,10851.8,1,1,false,false,false,false,1
73,0x31bfbe1a55047a2a35922015d77b34ea1dda6a61,2026-08-16 20:52:47.000 UTC,0,19625,0.099,0.1943,440.8,1,2,false,false,false,true,7
74,0x65fcec1f5bfa9c8d8b93bc1dba740b5977019696,2026-08-16 20:52:47.000 UTC,0,19625,1.41,2.7671,1663.5,1,2,false,false,false,false,1
75,0x392a66191156b087ec8c185b1fbb21e9b6d963e4,2026-08-16 20:52:59.000 UTC,0,19624,60,117.744,10851,1,2,false,false,false,false,1
76,0xddb9ab1421e6f1d864c01ba63fb05b183d5ea4d4,2026-08-16 20:52:59.000 UTC,0,19624,1.6,3.1085,1763.1,6,2,false,false,false,false,1
77,0x9d20ba0c32e83a412960b53b2b55957aad3664da,2026-08-16 20:53:23.000 UTC,0,19621,60,117.726,10850.2,1,1,false,false,false,false,1
78,0x4b753596d3ade92ef5b5ba6ec559563631a62e1d,2026-08-16 20:53:35.000 UTC,0,19620,0.05,0.0981,313.2,1,1,false,false,true,true,24
79,0xe0416611e9ef39033d59128b223fb62527e9167f,2026-08-16 20:53:47.000 UTC,0,19619,0.75,1.4683,1211.7,8,1,false,false,false,false,1
80,0x500e4170fce824fcdc62d5e0d1f8e3a202634deb,2026-08-16 20:53:59.000 UTC,0,19617,3.3333,6.5267,2554.7,2,2,false,false,false,false,1
81,0x1e467dfde1d23b54d74333fbade18b1902f07412,2026-08-16 20:53:59.000 UTC,0,19617,7,13.7165,3703.6,3,2,false,false,false,false,1
82,0xd7bbba0ba418144394413a3ad55196939d7d21cc,2026-08-16 20:54:23.000 UTC,0,19614,0.29,0.5688,754.2,1,2,false,false,false,false,1
83,0xb0946ca49309c1aff5ed8357a94d314ccb47afe9,2026-08-16 20:54:23.000 UTC,0,19614,1,1.9597,1399.9,2,2,false,false,false,false,1
84,0xb19d8bee913c07fe553800a65d94bc9075a8a124,2026-08-16 20:54:35.000 UTC,0,19613,1.4,2.7451,1656.8,2,1,false,false,false,false,1
85,0xe5d3293a09205d691f7a436c53ff936989850065,2026-08-16 20:55:35.000 UTC,0,19606,1,1.9606,1400.2,1,4,false,false,false,false,1
86,0xb966968d6c58a04cae205cdd18c3800c46caa87a,2026-08-16 20:55:35.000 UTC,0,19606,0.1,0.1961,442.8,1,4,false,false,false,true,7
87,0x97804d60f9d695544fcfd1797605f5d1c90f445f,2026-08-16 20:55:35.000 UTC,0,19606,0.8,1.5685,1252.4,1,4,false,false,false,false,1
88,0xfbad08461214a9c8c1e194d6a7c35c66eaeb0531,2026-08-16 20:55:35.000 UTC,0,19606,0.05,0.098,313.1,1,4,false,false,true,true,24
89,0xc174ec23b7a9765871839cfa9c872123c9b794f2,2026-08-16 20:55:47.000 UTC,0,19605,50.5,99.0052,9950.1,1,1,false,false,false,false,1
90,0xbbe257e143f486405567279f804179beaaee4320,2026-08-16 20:55:59.000 UTC,0,19603,0.26,0.5097,713.9,1,1,false,false,false,false,1
91,0x2fb4709d5fa2dbe63a28529617c83b2f3222c63c,2026-08-16 20:56:11.000 UTC,0,19602,0.21,0.4112,641.2,2,2,false,false,false,false,1
92,0x29e6b3a3b3f377a07ad23b41cf0f292bb86d3aee,2026-08-16 20:56:11.000 UTC,0,19602,1.15,2.2542,1501.4,1,2,false,false,false,false,1
93,0x5841c9d825992d9855a7d7f89740ae2f2cba92b1,2026-08-16 20:56:35.000 UTC,0,19599,0.05,0.098,313,1,1,false,false,true,true,24
94,0x8e49f27740cba1e6d5799d8562cdf580c66d666e,2026-08-16 20:57:11.000 UTC,0,19595,1,1.9587,1399.5,2,1,false,false,false,false,1
95,0x887b86b6b6957f7bbea88b8cefd392f39236a88c,2026-08-16 20:57:35.000 UTC,0,19592,0.569,0.7288,853.7,6,1,false,false,false,false,1
96,0x3ed8130f2bb4034cc6f6d4a38f725c32c2a72ed0,2026-08-16 20:57:59.000 UTC,0,19589,0.2,0.3918,625.9,1,1,false,false,false,false,1
97,0x1294332c03933c770a0d91adc7e0f1fccc7476b9,2026-08-16 20:58:47.000 UTC,1,19584,0.05,0.0979,312.9,1,1,false,false,true,true,98
98,0x1257611d62a17cc216fc6680896bd502f651e60c,2026-08-16 20:59:11.000 UTC,1,19581,0.05,0.0979,312.9,1,2,false,false,true,true,98
99,0x923765ebfcdc39486ddd90ea3fa58de9b63d6676,2026-08-16 20:59:11.000 UTC,1,19581,0.05,0.0979,312.9,1,2,false,false,true,true,98
100,0x518b1cf3f887b35c606a9333b5ef013565ff9b64,2026-08-16 20:59:23.000 UTC,1,19580,2,3.9101,1977.4,2,1,false,false,false,false,1
101,0x6ba9ad599e6271252817933831e3148936cf742a,2026-08-16 20:59:35.000 UTC,1,19578,0.3,0.5873,766.4,1,1,false,false,false,false,1
102,0x95299c134bb8e9b0a35a2ff2a389e1041da26d42,2026-08-16 21:00:35.000 UTC,1,19571,2.9,5.6756,2382.3,1,2,false,false,false,false,1
103,0xbdc15474d336a82113e0eb41ee572092298d3be0,2026-08-16 21:00:35.000 UTC,1,19571,0.05,0.0979,312.8,1,2,false,false,true,true,98
104,0xa1ba5d056ace124a787b0aa7146c8fd0258ccc37,2026-08-16 21:00:47.000 UTC,1,19570,4.8,9.3886,3064.1,2,1,false,false,false,false,1
105,0xa71f4a4135ed06425c075040458a5d7e79e14e98,2026-08-16 21:01:11.000 UTC,1,19567,0.05,0.0978,312.8,1,1,false,false,true,true,98
106,0xa3747c66dec0cb61f7bf2b6d22ddd289934b64ca,2026-08-16 21:01:35.000 UTC,1,19564,0.11,0.2152,463.9,1,1,false,false,false,true,19
107,0xeae9870e408327733aacba4bdc33fc14822a48da,2026-08-16 21:01:47.000 UTC,1,19563,0.99,1.9367,1391.7,1,3,false,false,false,false,1
108,0x57eaa5c142ccd063d511811b1166bc92411a8c7c,2026-08-16 21:01:47.000 UTC,1,19563,1,1.9563,1398.7,1,3,false,false,false,false,1
109,0xb01fad6556c1d4e91311b5538a5f53d5c27ffa7e,2026-08-16 21:01:47.000 UTC,1,19563,7,13.6941,3700.6,1,3,false,false,false,false,1
110,0xe8e4eb3fe4a93b45ddc4589abdd8f8e006d0533d,2026-08-16 21:01:59.000 UTC,1,19562,3,5.8459,2417.8,4,1,false,false,false,false,1
111,0xf10fc94e0710d19e434f0f809f4e6b0f413852c3,2026-08-16 21:02:35.000 UTC,1,19557,0.9,1.7601,1326.7,1,1,false,false,false,false,1
112,0x7a27b0e5d47ec43f14e38254d3780d6ddd44a07e,2026-08-16 21:03:35.000 UTC,1,19550,3.65,7.1358,2671.3,1,1,false,false,false,false,1
113,0x30313729540629c3c964d389d21a952cd356b451,2026-08-16 21:03:59.000 UTC,1,19548,0.15,0.2311,480.8,2,1,false,false,false,false,1
114,0x3114b610c4521af0405f3bcd48f595dad3742484,2026-08-16 21:04:11.000 UTC,1,19546,0.1,0.1955,442.1,1,1,false,false,false,true,19
115,0x071fea452e692c05521cdcebef5bc03fc6097ebb,2026-08-16 21:04:59.000 UTC,1,19541,0.05,0.0977,312.6,1,3,false,false,true,true,98
116,0x5efd95ced49055f9f2d945a459debfccee33aa54,2026-08-16 21:04:59.000 UTC,1,19541,0.077,0.1505,387.9,1,3,false,false,false,true,19
117,0xc51eae1bfd3ea2f258416d479e40432aa60b423f,2026-08-16 21:04:59.000 UTC,1,19541,0.1,0.1954,442.1,1,3,false,false,false,true,19
118,0x5247ceda6ff94c4f42d1db185f77781574c20c2f,2026-08-16 21:05:47.000 UTC,1,19535,0.05,0.0977,312.5,1,1,false,false,true,true,98
119,0xc27a7ebfc90489cc07174399956f425678b29b79,2026-08-16 21:05:59.000 UTC,1,19534,34,66.3052,8142.8,2,2,false,false,false,false,1
120,0xdee2f1f56518c45fa93326a2bb5ee2d6c9ecc450,2026-08-16 21:05:59.000 UTC,1,19534,1.1916,2.3277,1525.7,1,2,false,false,false,true,148
121,0xb110fd66cb6d54dc0ae2b4c39ad8b8b2f6ece387,2026-08-16 21:06:11.000 UTC,1,19532,0.2,0.3905,624.9,2,1,false,false,false,true,5
122,0x68b65ca9af87d57a447a7bd5031aaa52bd734bd6,2026-08-16 21:06:23.000 UTC,1,19531,11.9,23.2336,4820.1,2,3,false,false,false,false,1
123,0xc2f0fec9c0b32dc7e5545fae090c3c4d83112eac,2026-08-16 21:06:23.000 UTC,1,19531,1,1.9531,1397.5,1,3,false,false,false,false,1
124,0x57cfe855b6047d8a751c2e92f460293731234ade,2026-08-16 21:06:23.000 UTC,1,19531,0.2,0.3906,625,1,3,false,false,false,true,6
125,0x15c7876694449d887bd1ef31e96361c4dbc66cd7,2026-08-16 21:06:59.000 UTC,1,19527,0.069,0.1347,367.1,1,1,false,false,true,true,98
126,0x02856fadf19fdd7049a981885a575d962135fa8b,2026-08-16 21:07:11.000 UTC,1,19525,0.148,0.289,537.6,1,1,false,false,false,true,7
127,0x24c3f0f9697cf01e6fd74ae7db421e70626f99d8,2026-08-16 21:07:23.000 UTC,1,19524,0.125,0.2441,494,1,1,false,false,false,true,19
128,0xa2dcb5b3a784f4772687e21b9395d4fb0213b252,2026-08-16 21:07:59.000 UTC,1,19520,2.09,4.0797,2019.8,1,1,false,false,false,false,1
129,0x524610631b61d12913017e18ac8bdc3cc9551f85,2026-08-16 21:08:47.000 UTC,1,19514,0.05,0.0976,312.4,1,2,false,false,true,true,98
130,0xeca6af7c75cd6b85e9bb45e3f9397771cb1e23bf,2026-08-16 21:08:47.000 UTC,1,19514,0.1,0.1951,441.7,1,2,false,false,false,true,19
131,0x0ea1496f37f5a945f084dcce266c79421e15f089,2026-08-16 21:08:59.000 UTC,1,19513,0.2,0.3902,624.7,2,2,false,false,false,true,5
132,0xfbb4dbf497d1adb40724ce29dc6f3bd81168e407,2026-08-16 21:08:59.000 UTC,1,19513,0.35,0.5249,724.5,4,2,false,false,false,false,1
133,0xddbea044d0910dc32d6829d3ab319360db15ba78,2026-08-16 21:09:23.000 UTC,1,19510,0.55,0.8133,901.8,3,2,false,false,false,false,1
134,0xd8222670b20761708d32a6a9b5e2f3a266d9673d,2026-08-16 21:09:23.000 UTC,1,19510,193,338.5654,18400.1,2,2,false,false,false,false,1
135,0x605fbdd3d2e9ba4966222748332a4137ed2ddee9,2026-08-16 21:09:47.000 UTC,1,19507,0.45,0.8722,933.9,5,1,false,false,false,false,1
136,0x927192c4158bbfd98874ef9e781abfff43bbbb5b,2026-08-16 21:10:11.000 UTC,1,19505,0.05,0.0975,312.3,1,2,false,false,true,true,98
137,0xb602e9a49723edf38257c4da2368c165064b1fd7,2026-08-16 21:10:11.000 UTC,1,19505,0.05,0.0975,312.3,1,2,false,false,true,true,98
138,0x27fe4347de50c7874a76d670651a13e778ee56a8,2026-08-16 21:11:11.000 UTC,1,19498,11.9,23.2026,4816.9,1,1,false,false,false,false,1
139,0x4b16fdb337dcc672a34cc2b941d19856442ca4c1,2026-08-16 21:11:23.000 UTC,1,19496,1.75,3.3981,1843.4,18,1,false,false,false,false,1
140,0x000000a2598c0661bd93b22c3f87e0ced366eebe,2026-08-16 21:11:59.000 UTC,1,19492,0.45,0.8756,935.7,5,4,false,false,false,false,1
141,0x4555f6c05eab70f1b61807a450b03cc7fed048c4,2026-08-16 21:11:59.000 UTC,1,19492,11,21.4412,4630.5,1,4,false,false,false,false,1
142,0x185a852cdf98a305cff044c121674dd479276096,2026-08-16 21:11:59.000 UTC,1,19492,0.05,0.0975,312.2,1,4,false,false,true,true,98
143,0x16b7094aec60d2414f885d8f0455b2cc4bd7ff96,2026-08-16 21:11:59.000 UTC,1,19492,0.25,0.4866,697.6,2,4,false,false,false,false,1
144,0x6764090259f95640563e999e386e742c2935a633,2026-08-16 21:12:59.000 UTC,1,19485,1.3333,2.5917,1609.9,4,1,false,false,false,false,1
145,0xaf97fc3767598eda089d8d1d5b21e1fb9dfdccc1,2026-08-16 21:13:23.000 UTC,1,19482,0.9,1.7534,1324.2,1,1,false,false,false,false,1
146,0xe607f82f01b334d4ffd298f0f5d24d3f7bf49d5b,2026-08-16 21:14:11.000 UTC,1,19477,0.05,0.0974,312.1,1,1,false,false,true,true,98
147,0xef5212b2397ec10010b9b78806c727a0c20fa779,2026-08-16 21:14:23.000 UTC,1,19475,1.328,2.5754,1604.8,2,1,false,false,false,false,1
148,0x2132234ddeacc84fe4ee3d7fd0eb9f7417e01e87,2026-08-16 21:14:35.000 UTC,1,19474,0.05,0.0974,312,1,1,false,false,true,true,98
149,0xc5366ac64366c4a5a0f93638e2a290705f68635a,2026-08-16 21:14:47.000 UTC,1,19473,2.45,4.7709,2184.2,1,1,false,false,false,false,1
150,0x59ee696890b454cad31c88884682e3bb54014c5f,2026-08-16 21:14:59.000 UTC,1,19471,0.05,0.0974,312,1,1,false,false,true,true,98
151,0xc99cc669db66e14506a4778ae12ea78c2f7f4a6b,2026-08-16 21:15:11.000 UTC,1,19470,11.9,23.1693,4813.4,1,1,false,false,false,false,1
152,0xbba673e630d602c9e58ac8335ffb070d918d6089,2026-08-16 21:15:35.000 UTC,1,19467,0.05,0.0973,312,1,1,false,false,true,true,98
153,0x01cc6f2eb39fc2852be361b77800fd11ff22edbe,2026-08-16 21:16:35.000 UTC,1,19460,7,13.622,3690.8,1,3,false,false,false,false,1
154,0x0c708fb3558f80b040634853e43013d12206d932,2026-08-16 21:16:35.000 UTC,1,19460,0.1,0.1946,441.1,1,3,false,false,false,true,19
155,0x4ba5124c14c8ded08e5b9ca7d39c89f1cc327e99,2026-08-16 21:16:35.000 UTC,1,19460,0.35,0.6807,825.1,4,3,false,false,false,false,1
156,0x73baa547e31e7fbc1fb7cfcf0704ed5c59b5bdbd,2026-08-16 21:16:47.000 UTC,1,19459,0.0505,0.0983,313.5,1,2,false,false,true,true,98
157,0x5476ff2a30103b83a67e57d21c699e66352a9ffb,2026-08-16 21:16:47.000 UTC,1,19459,20,38.918,6238.4,1,2,false,false,false,false,1
158,0xc324429ac3f275d02cb4134114b55c0682dfc027,2026-08-16 21:17:11.000 UTC,1,19456,1.25,2.4218,1556.2,3,2,false,false,false,false,1
159,0xa78af4e15b612d3d2575a2618771344787774ae0,2026-08-16 21:17:11.000 UTC,1,19456,0.5,0.9728,986.3,1,2,false,false,false,false,1
160,0xdc879d226bdedf4798d9c37a6b51c87437cd09a3,2026-08-16 21:17:47.000 UTC,1,19452,0.5,0.9726,986.2,1,1,false,false,false,false,1
161,0xe80f0054b45abcefad67453a58cc05a92aea0f60,2026-08-16 21:17:59.000 UTC,1,19450,1,1.945,1394.6,1,1,false,false,false,false,1
162,0xcfa188662925fa90e364494b26a61a35caae077e,2026-08-16 21:18:11.000 UTC,1,19449,9.8,18.6941,4323.7,10,1,false,false,false,false,1
163,0x91fa425c6fd7865cea4a35610962d4dd6571956e,2026-08-16 21:18:23.000 UTC,1,19448,7.25,14.0998,3755,1,1,false,false,false,false,1
164,0xa7cc5bad3d643b216731dcf281a547b9379a2e30,2026-08-16 21:18:35.000 UTC,1,19446,0.27,0.5248,724.4,2,2,false,false,false,false,1
165,0x0f0f0a760a6e7182ba9410f576cacbfcd3c41541,2026-08-16 21:18:35.000 UTC,1,19446,7,13.6117,3689.4,2,2,false,false,false,false,1
166,0x5fed95063ce019ba38c606658a36a62904358588,2026-08-16 21:18:47.000 UTC,1,19445,0.096,0.1867,432.1,1,3,false,false,false,true,19
167,0xd20c9018a5097e922e9c0539aef389c871e76c3f,2026-08-16 21:18:47.000 UTC,1,19445,0.5,0.9703,985,2,3,false,false,false,false,1
168,0xbd9c944dcfb31cd24c81ebf1c974d950f44e42b8,2026-08-16 21:18:47.000 UTC,1,19445,50,95.9443,9795.1,30,3,false,false,false,false,1
169,0xd4c4ff2fa2812cf5c5d1b0d9de98bcbbb06fb1cf,2026-08-16 21:18:59.000 UTC,1,19444,0.05,0.0972,311.8,1,1,false,false,true,true,98
170,0xbb0d56d2bc82d33ba8879ec3604619d32dd567b6,2026-08-16 21:19:23.000 UTC,1,19441,0.2,0.3873,622.3,2,4,false,false,false,true,5
171,0xccc3673924d5045bc6109d58d5eb6cb1f370df11,2026-08-16 21:19:23.000 UTC,1,19441,0.05,0.0972,311.8,1,4,false,false,true,true,98
172,0x8e80a50e4ad76cc6bfa66232c826dbb2593ec7e8,2026-08-16 21:19:23.000 UTC,1,19441,0.11,0.2139,462.4,1,4,false,false,false,true,19
173,0x22e70e52787b75e5dafa2f38fb38062bf76e32b5,2026-08-16 21:19:23.000 UTC,1,19441,0.05,0.0972,311.8,1,4,false,false,true,true,98
174,0xa38d9de49eca97a259b57c2f5abb1b2fcff941c2,2026-08-16 21:19:35.000 UTC,1,19439,7.33,14.2488,3774.8,1,4,false,false,false,false,1
175,0x7ecb01f223a3f51940ec65280b786ac74ad2e92d,2026-08-16 21:19:35.000 UTC,1,19439,0.05,0.0972,311.8,1,4,false,false,true,true,98
176,0x5792f5cb5ae4716100c504211349ddb63eb1d828,2026-08-16 21:19:35.000 UTC,1,19439,0.318,0.6182,786.2,1,4,false,false,false,false,1
177,0x4cb75146e98562c9d79b31649c6c739e4dcb7cd5,2026-08-16 21:19:35.000 UTC,1,19439,0.0505,0.0982,313.3,1,4,false,false,true,true,98
178,0x2071946399641f3a845cdc1ab2397fd006d1642a,2026-08-16 21:19:47.000 UTC,1,19438,0.05,0.0972,311.8,1,2,false,false,true,true,98
179,0xc9ce3f407b40e1fb7061dbea0fca5dc7ffd18e99,2026-08-16 21:19:47.000 UTC,1,19438,0.4,0.7769,881.4,4,2,false,false,false,false,1
180,0x3c55bb88ae940eae2972ffde751d10aa08f18234,2026-08-16 21:19:59.000 UTC,1,19437,0.39,0.758,870.7,1,2,false,false,false,false,1
181,0x3a9436134db40a6a210eb642b3c495b30e082ee4,2026-08-16 21:19:59.000 UTC,1,19437,0.15,0.2916,540,1,2,false,false,false,true,7
182,0x88e4ed76ab146ab4f9fe9bf1deb974aef83e9293,2026-08-16 21:20:11.000 UTC,1,19435,0.05,0.0972,311.7,1,3,false,false,true,true,98
183,0x356cac3441ebac708d3c88d0c464dd2621a8c355,2026-08-16 21:20:11.000 UTC,1,19435,0.15,0.2909,539.4,2,3,false,false,false,true,11
184,0x41c74f194b9bec74475a5a461cf732d6d15be78e,2026-08-16 21:20:11.000 UTC,1,19435,0.2,0.3887,623.5,1,3,false,false,false,true,6
185,0x565b8545522e23601dbc6d2e5ce1f6ac038bafb8,2026-08-16 21:20:47.000 UTC,1,19431,0.05,0.0972,311.7,1,1,false,false,true,true,98
186,0xf845335a943109c8a80d98e6f6a606915b562dd6,2026-08-16 21:20:59.000 UTC,1,19430,0.05,0.0972,311.7,1,2,false,false,true,true,98
187,0xbe4a3362fed51a89dcf06b7058d570407899a950,2026-08-16 21:20:59.000 UTC,1,19430,0.3679,0.7149,845.5,1,2,false,false,false,false,1
188,0xab29aa91f9a4826428cf5a6705ad4d89b98b2a90,2026-08-16 21:21:11.000 UTC,1,19428,0.2,0.3886,623.3,1,1,false,false,false,true,6
189,0xb8dd8c943150fabd83ebe187212fdd61bda02272,2026-08-16 21:21:23.000 UTC,1,19427,0.1,0.1943,440.8,1,4,false,false,false,true,19
190,0xfeaba25cf41e3219635424c2612849e6cbcd7377,2026-08-16 21:21:23.000 UTC,1,19427,0.051,0.0991,314.8,1,4,false,false,true,true,98
191,0x9219aa505e64363fd2ecc8872c1866ca98c21d39,2026-08-16 21:21:23.000 UTC,1,19427,0.3628,0.7048,839.5,1,4,false,false,false,false,1
192,0xbb6e2629cf8865eec1d5485d30124e05c7a9bbeb,2026-08-16 21:21:23.000 UTC,1,19427,0.05,0.0971,311.7,1,4,false,false,true,true,98
193,0xf6b48ed91717471a0f9cbf5dad071d77fe62d12f,2026-08-16 21:21:35.000 UTC,1,19425,0.1374,0.2669,516.6,1,2,false,false,false,true,7
194,0x332b983c92bd0838a86e0f31d50fa54ee02077e4,2026-08-16 21:21:35.000 UTC,1,19425,1.3,2.5243,1588.8,3,2,false,false,false,false,1
195,0x9559e609c1285fb0391f3a8c5cf538b044480ed6,2026-08-16 21:21:47.000 UTC,1,19424,2.1,4.076,2018.9,20,2,false,false,false,false,1
196,0x77afcb677962d14c540d66c412d7f9c1d1c8bffd,2026-08-16 21:21:47.000 UTC,1,19424,0.2088,0.4055,636.8,1,2,false,false,false,true,6
197,0x238457b4d3782875ba640d980066f1e976c3e74f,2026-08-16 21:22:11.000 UTC,1,19421,0.75,0.8899,943.4,8,1,false,false,false,false,1
198,0x649ac22544f6c9c2f1645ea0c76959257065f59c,2026-08-16 21:22:23.000 UTC,1,19420,0.15,0.2903,538.8,2,1,false,false,false,true,11
199,0xce95f1bd1a17c237aeab3088725007f99897d7b3,2026-08-16 21:22:35.000 UTC,1,19419,0.05,0.0971,311.6,1,1,false,false,true,true,98
200,0xf9d58f2cb4e7c0a38009bab7593e85c77e92e136,2026-08-16 21:22:59.000 UTC,1,19416,0.05,0.0971,311.6,1,1,false,false,true,true,98
201,0xf38e04d7663b6162f9a1fc923ab5faff45c11a34,2026-08-16 21:23:11.000 UTC,1,19414,0.86,1.6696,1292.1,1,2,false,false,false,false,1
202,0xfcdd6d25ae394746e4c74610aee215aaa4fd2e48,2026-08-16 21:23:11.000 UTC,1,19414,0.215,0.3233,568.6,2,2,false,false,false,true,11
203,0x312cf917f51a4971a269415a952903f624d2533d,2026-08-16 21:23:23.000 UTC,1,19413,0.05,0.0971,311.6,1,1,false,false,true,true,98
204,0x287bdb26c269fb3dbd150233465bb03564e30434,2026-08-16 21:23:59.000 UTC,1,19409,0.15,0.2909,539.3,2,4,false,false,false,true,11
205,0xa9b6465569f320d39e0135da7417b2604ba225b4,2026-08-16 21:23:59.000 UTC,1,19409,0.45,0.8724,934,5,4,false,false,false,false,1
206,0x2702cf31a2c33b8b0c3bba34c46fd9b8a5563d1f,2026-08-16 21:23:59.000 UTC,1,19409,0.05,0.097,311.5,1,4,false,false,true,true,98
207,0xdbb968f1266f0cf35af4ba8dba4e701a1e9511c5,2026-08-16 21:23:59.000 UTC,1,19409,0.42,0.7678,876.2,2,4,false,false,false,false,1
208,0xab462fdeaf5d00980bbc1c17dcacc1c0ffb6a23e,2026-08-16 21:24:11.000 UTC,1,19407,1.5,2.9111,1706.2,1,1,false,false,false,false,1
209,0xce28e59635376b6e4d5c3738f21c8b44a47206cb,2026-08-16 21:24:35.000 UTC,1,19405,0.05,0.097,311.5,1,3,false,false,true,true,98
210,0xc6fac2424e017e1b789651a82018d2cc8623653f,2026-08-16 21:24:35.000 UTC,1,19405,0.64,1.2403,1113.7,2,3,false,false,false,false,1
211,0x28c9741c6d08b5d9ec7f2e5eb4786be880acc18d,2026-08-16 21:24:35.000 UTC,1,19405,0.2,0.3881,623,1,3,false,false,false,true,6
212,0xd673dfd9eee3185833d7cf25d624bb8aa25fd02b,2026-08-16 21:24:47.000 UTC,1,19403,0.05,0.097,311.5,1,1,false,false,true,true,98
213,0xe88871f39c98963bf4e553765e574d27755a4052,2026-08-16 21:24:59.000 UTC,1,19402,0.05,0.097,311.5,1,1,false,false,true,true,98
214,0x3cd5ed0731a0bdc3d60a57168ea234a617d7fbbc,2026-08-16 21:25:23.000 UTC,1,19399,2.6,5.0437,2245.8,1,2,false,false,false,false,1
215,0x070f565dfd13906eba848374c34a4485bd21e876,2026-08-16 21:25:23.000 UTC,1,19399,0.051,0.0989,314.5,1,2,false,false,true,true,98
216,0x7496871b01e401ed68a64bd303bb4381f2f96f1f,2026-08-16 21:25:47.000 UTC,1,19396,0.15,0.2909,539.4,2,3,false,false,false,true,11
217,0x097d611aa2598a2b3882325a53234ce4b2755764,2026-08-16 21:25:47.000 UTC,1,19396,0.051,0.0989,314.5,1,3,false,false,true,true,98
218,0x75d51517b90cc5c8873c631ddc177a1bfd96b074,2026-08-16 21:25:47.000 UTC,1,19396,490.9,951.9288,30853.3,12,3,false,false,false,false,1
219,0xb3623d62ff30fadb5b2e127c07cab0d1b0808276,2026-08-16 21:26:11.000 UTC,1,19394,0.36,0.6934,832.7,4,1,false,false,false,false,1
220,0xe3d00683a0d493f6143aab7579a9f60c6a24a4ff,2026-08-16 21:26:23.000 UTC,1,19392,0.37,0.7149,845.5,2,1,false,false,false,false,1
221,0xe9364474939d1ae7e5cf0959850c87d0d10d0ef6,2026-08-16 21:26:35.000 UTC,1,19391,0.05,0.097,311.4,1,2,false,false,true,true,98
222,0xa668e2805a50ca0cc73ed66a131e15522ac093f8,2026-08-16 21:26:35.000 UTC,1,19391,13.15,25.4522,5045,2,2,false,false,false,false,1
223,0x0c3db8b025f67da9806bf8ebd2faf270342a7478,2026-08-16 21:27:11.000 UTC,1,19387,0.1,0.1939,440.3,1,2,false,false,false,true,19
224,0xbe3352ae7c20161d4fb1d0dc2aad099227b5f246,2026-08-16 21:27:11.000 UTC,1,19387,0.5,0.6864,828.5,4,2,false,false,false,false,1
225,0xaea8c6444a5e4efd738a6ec51f3d0ed0928c110b,2026-08-16 21:27:23.000 UTC,1,19385,1.01,1.0569,1028.1,2,1,false,false,false,false,1
226,0x78668cf049c0476e2926f1a53e90eb5a8c38f8df,2026-08-16 21:28:23.000 UTC,1,19378,0.05,0.0969,311.3,1,1,false,false,true,true,98
227,0x2a63dda6743f2acd1c2d35c1f036c78c29c1f81f,2026-08-16 21:28:35.000 UTC,1,19377,0.05,0.0969,311.3,1,2,false,false,true,true,98
228,0x0076256425954d097a4003fa46d731f895cfa829,2026-08-16 21:28:35.000 UTC,1,19377,0.15,0.2903,538.8,2,2,false,false,false,true,11
229,0xa45111cdd1443e9f47e749ab714ace08915d3b45,2026-08-16 21:29:35.000 UTC,1,19370,0.205,0.3965,629.7,2,3,false,false,false,true,5
230,0x193e75b60a4ca8bc842dc28604afc6c41afe972a,2026-08-16 21:29:35.000 UTC,1,19370,271,522.6394,22861.3,2,3,false,false,false,false,1
231,0x76152584d124c4aff051dac685fd434b87a8ce50,2026-08-16 21:29:35.000 UTC,1,19370,0.051,0.0988,314.3,1,3,false,false,true,true,98
232,0xc196e59f9a303c6fa3a9736210dfedc1a2100ec4,2026-08-16 21:29:47.000 UTC,1,19369,0.05,0.0968,311.2,1,2,false,false,true,true,98
233,0x938c524687f6a443204cedda2ab6fb4eb65b78c1,2026-08-16 21:29:47.000 UTC,1,19369,0.05,0.0968,311.2,1,2,false,false,true,true,98
234,0xe03beb14a8ea4867aac12f047c4bcf509ba56bdf,2026-08-16 21:30:11.000 UTC,1,19366,0.15,0.2903,538.8,2,3,false,false,false,true,11
235,0x8c0b0083692e7d8d61128409ed21935eb28165fb,2026-08-16 21:30:11.000 UTC,1,19366,0.5,0.9676,983.7,2,3,false,false,false,false,1
236,0xf257a3bad4dfdd6991391d59993011ff0ac40823,2026-08-16 21:30:11.000 UTC,1,19366,1.5,2.902,1703.5,15,3,false,false,false,false,1
237,0x8cbb6f0efe07ab0629d8345154f72133b03520d8,2026-08-16 21:30:23.000 UTC,1,19364,0.05,0.0968,311.2,1,1,false,false,true,true,98
238,0x7cd9ff84abf2b23e825154aca2a62fafe185bd5e,2026-08-16 21:30:35.000 UTC,1,19363,0.08,0.1549,393.6,1,1,false,false,false,true,19
239,0xfd7902204eb98871d485c076587a838eaeb3fa38,2026-08-16 21:30:47.000 UTC,1,19362,0.11,0.213,461.5,1,1,false,false,false,true,19
240,0xd2f70a9e2b8914cd2830c6ca48d696258bb9422d,2026-08-16 21:30:59.000 UTC,1,19360,1.25,2.4189,1555.3,11,3,false,false,false,false,1
241,0x000461a73d3985eef4923655782aa5d0de75c111,2026-08-16 21:30:59.000 UTC,1,19360,317.1,613.9054,24777.1,2,3,false,false,false,false,1
242,0x20d82c916bb999fa68fe32d3387f53556b1d1905,2026-08-16 21:30:59.000 UTC,1,19360,0.15,0.2203,469.4,2,3,false,false,false,false,1
243,0xecfd88616512d0e58b995d4f436b1771dba42979,2026-08-16 21:31:35.000 UTC,1,19356,0.051,0.0987,314.2,1,2,false,false,true,true,98
244,0xe6786b71a8c6733daecc8d6b340ac7c4bdd03f95,2026-08-16 21:31:35.000 UTC,1,19356,0.4,0.7697,877.3,4,2,false,false,false,false,1
245,0x888e44eccad0dbc2afa7a7f4b1a65e14fc9cd561,2026-08-16 21:31:59.000 UTC,1,19353,0.21,0.379,615.6,2,2,false,false,false,true,5
246,0xeb2e01a8e0b47162a6ff753fdcd0a041873a125e,2026-08-16 21:31:59.000 UTC,1,19353,1.3,2.4988,1580.8,2,2,false,false,false,false,1
247,0x5d13fd37e8758030a6a10857c0cb699b2bff7a83,2026-08-16 21:33:11.000 UTC,1,19345,490,947.905,30788.1,1,1,false,false,false,false,1
248,0xebe2adcbc2448787edffb030307beb8efba583da,2026-08-16 21:33:23.000 UTC,1,19344,0.67,1.2948,1137.9,2,1,false,false,false,false,1
249,0xd03da4452bf9478c67a54c56d46678d55a8d9483,2026-08-16 21:33:35.000 UTC,1,19342,62,119.9204,10950.8,1,4,false,false,false,false,1
250,0xf471cbefd59116474e3bbd06229fe7017c2021c4,2026-08-16 21:33:35.000 UTC,1,19342,0.051,0.0986,314.1,1,4,false,false,true,true,98
251,0x1a84b3681a2e129be32b8f5727a4aee219a1e471,2026-08-16 21:33:35.000 UTC,1,19342,0.0501,0.0968,311.2,1,4,false,false,true,true,98
252,0x82c4426b73929c9b2a373b3a902ae7471abf0914,2026-08-16 21:33:35.000 UTC,1,19342,136,261.1408,16159.9,8,4,false,false,false,false,1
253,0x6969698ba67833ad1e9622f19e13fa03e686dce1,2026-08-16 21:33:47.000 UTC,1,19341,0.45,0.8701,932.8,5,2,false,false,false,false,1
254,0x0d1c41d60ef876b3244c9db50ea5c196ced8e07e,2026-08-16 21:33:47.000 UTC,1,19341,1.93,3.7155,1927.6,9,2,false,false,false,false,1
255,0x733be210294480d158bdb6ab3b9e67d020e31b94,2026-08-16 21:34:11.000 UTC,1,19338,7.9,15.277,3908.6,1,2,false,false,false,false,1
256,0xadd07179360038eebac815cf4beb0f3601fd0674,2026-08-16 21:34:11.000 UTC,1,19338,2,3.8676,1966.6,1,2,false,false,false,false,1
257,0x383c75bbb33a3bc227e841c745591e18df824d9e,2026-08-16 21:34:47.000 UTC,1,19334,0.1,0.1933,439.7,1,1,false,false,false,true,19
258,0xf80aae0a202ec7057f541209cffd689a4701acb0,2026-08-16 21:35:11.000 UTC,1,19331,0.05,0.0967,310.9,1,1,false,false,true,true,98
259,0x5b6c16a960f6e7b1603b3d4c420e0c0a5f6e2afb,2026-08-16 21:35:35.000 UTC,1,19328,0.051,0.0986,314,1,4,false,false,true,true,98
260,0x9a0f62b9a86187a03f4459d3130e9792eee8aeb9,2026-08-16 21:35:35.000 UTC,1,19328,0.13,0.2513,501.3,1,4,false,false,false,true,7
261,0xd6335f7604f1e97fc47027feb0d9d718ce3ce9fa,2026-08-16 21:35:35.000 UTC,1,19328,0.051,0.0986,314,1,4,false,false,true,true,98
262,0x506a4dc75bf8cc1af2c74328c584be62bbe62ca1,2026-08-16 21:35:35.000 UTC,1,19328,0.1,0.1933,439.6,1,4,false,false,false,true,19
263,0xf63d7dbe24ca439ebc699311001a661555a93040,2026-08-16 21:35:59.000 UTC,1,19325,1.55,2.9954,1730.7,1,3,false,false,false,false,1
264,0x00217b57f30d24bddaab9130d6a13f9d67336b07,2026-08-16 21:35:59.000 UTC,1,19325,0.15,0.2873,536,2,3,false,false,false,true,11
265,0x053e6294400a9268e35df445624f58087c7f388f,2026-08-16 21:35:59.000 UTC,1,19325,0.75,1.1472,1071.1,8,3,false,false,false,false,1
266,0x424ce187f48f45d8b125ec5ec478918c4c8885a7,2026-08-16 21:36:11.000 UTC,1,19324,0.051,0.0986,313.9,1,1,false,false,true,true,98
267,0x2a346d41c2a6d6d4d408ec8348ddcb7c96569871,2026-08-16 21:36:47.000 UTC,1,19320,0.56,1.0819,1040.2,1,1,false,false,false,false,1
268,0xb6ba898de2437619b9182d5463e10a080e369cbe,2026-08-16 21:37:23.000 UTC,1,19316,0.1,0.1932,439.5,1,4,false,false,false,true,19
269,0xea56ee31206a89797f5e0a77d71e8a005ef99c40,2026-08-16 21:37:23.000 UTC,1,19316,18.8,36.2614,6021.7,15,4,false,false,false,false,1
270,0x663b9fa79834b22b404d81ec1717bd2353d93adf,2026-08-16 21:37:23.000 UTC,1,19316,0.05,0.0966,310.8,1,4,false,false,true,true,98
271,0xa924eb14f3ec07f1940ae4076cce9f9859044dea,2026-08-16 21:37:23.000 UTC,1,19316,0.2,0.3863,621.5,1,4,false,false,false,true,6
272,0x7d27d9f6ba2ac97517c20b6101d3cf8b7544b665,2026-08-16 21:37:59.000 UTC,1,19312,0.05,0.0966,310.7,1,4,false,false,true,true,98
273,0xbc0e7c2eee1ff1c61449fad2d11923a1c0097f2b,2026-08-16 21:37:59.000 UTC,1,19312,0.0506,0.0976,312.4,1,4,false,false,true,true,98
274,0xecfda643db9df505363ba612b63509cac73fdcdd,2026-08-16 21:37:59.000 UTC,1,19312,0.051,0.0985,313.8,1,4,false,false,true,true,98
275,0xfa4781421eb854c3eaece1a123ce06cfe3c77e76,2026-08-16 21:37:59.000 UTC,1,19312,0.05,0.0966,310.7,1,4,false,false,true,true,98
276,0x7de3f8dd8137533f1093703df9e3b741fc0c759e,2026-08-16 21:38:11.000 UTC,1,19310,1.2,2.3172,1522.2,1,2,false,false,false,true,148
277,0xe82470ea9b748541e1249be6376d89f97dec2230,2026-08-16 21:38:11.000 UTC,1,19310,1.2,2.3172,1522.2,1,2,false,false,false,true,148
278,0xb8684383afd76b4bff0ba177d6bc813d0eb1fdce,2026-08-16 21:38:59.000 UTC,1,19305,0.05,0.0965,310.7,1,1,false,false,true,true,98
279,0x1b8c368dd402e0c1292d4a80c8554941beccfd92,2026-08-16 21:39:35.000 UTC,1,19300,0.05,0.0965,310.6,1,2,false,false,true,true,98
280,0x43779780d1114932c3ef64186759ad2956f081ed,2026-08-16 21:39:35.000 UTC,1,19300,0.051,0.0984,313.7,1,2,false,false,true,true,98
281,0x34d7f5efb35e0f94ec3a466244d135a1bba9abdd,2026-08-16 21:40:35.000 UTC,1,19294,0.05,0.0965,310.6,1,3,false,false,true,true,98
282,0x1da1d284f1f8cd21a1a08cbd9cb3ec1f2464ec20,2026-08-16 21:40:35.000 UTC,1,19294,15.8,30.4756,5520.5,2,3,false,false,false,false,1
283,0x0eedd9117f6b4b36be52f3368fd78392827c3e41,2026-08-16 21:40:35.000 UTC,1,19294,0.05,0.0965,310.6,1,3,false,false,true,true,98
284,0x7f0652e4b518a65626154905222dd2090e251ba3,2026-08-16 21:40:47.000 UTC,1,19292,0.05,0.0965,310.6,1,1,false,false,true,true,98
285,0x7f2fc61aab7ae63eb8192bb7ec36709917707f7a,2026-08-16 21:41:23.000 UTC,1,19288,126,243.0288,15589.4,1,6,true,false,false,false,1
286,0xbf16c0cbf135ee6bddaf1e74749604703beeac02,2026-08-16 21:41:23.000 UTC,1,19288,0.251,0.4833,695.2,3,6,true,false,false,false,1
287,0xd4b4cab5cf150f46448a8b312cf4d96521953c5f,2026-08-16 21:41:23.000 UTC,1,19288,100,192.0583,13858.5,2,6,true,false,false,false,1
288,0x6243d50775f346fc1203f875dbf607c90a85aa74,2026-08-16 21:41:23.000 UTC,1,19288,0.0501,0.0966,310.9,1,6,true,false,true,true,98
289,0x32b7ee8662ccf095400553b19463695eeb9fe192,2026-08-16 21:41:23.000 UTC,1,19288,29.2,56.3209,7504.7,3,6,true,false,false,false,1
290,0xd6c0b0ed4ef53cff86e05436e70d2b782e0f1348,2026-08-16 21:41:23.000 UTC,1,19288,0.35,0.6713,819.3,4,6,true,false,false,false,1
291,0x033c7ff45a16ea520c5b5b1cf47fdaf2b9b098fe,2026-08-16 21:41:47.000 UTC,1,19285,0.051,0.0984,313.6,1,2,false,false,true,true,98
292,0x23631b12402fe1b2404fccfab01557269b0df108,2026-08-16 21:41:47.000 UTC,1,19285,1.7,3.2765,1810.1,3,2,false,false,false,false,1
293,0x342ed8477cd10c2a96b953df28e490f2dd0d8199,2026-08-16 21:42:23.000 UTC,1,19281,0.15,0.2891,537.7,2,3,false,false,false,true,11
294,0x751f98b43f160f9bbb7219e47dd2cd83f70adfe2,2026-08-16 21:42:23.000 UTC,1,19281,0.1,0.1928,439.1,1,3,false,false,false,true,19
295,0xd1c90016bc2663f03fabc2bfa2b8d8d342784d41,2026-08-16 21:42:23.000 UTC,1,19281,0.05,0.0964,310.5,1,3,false,false,true,true,98
296,0x13f9c830e637d136b9e743a734416c2ef7f0cea4,2026-08-16 21:42:47.000 UTC,1,19278,0.35,0.6492,805.7,4,2,false,false,false,false,1
297,0xa0d11c41c809911950c2d33bc0dfa554b9c5fdcf,2026-08-16 21:42:47.000 UTC,1,19278,0.488,0.9408,969.9,1,2,false,false,false,false,1
298,0x1cf6866c3b06db0ddd6394e86272bbe1edbe6b99,2026-08-16 21:42:59.000 UTC,1,19277,0.051,0.0983,313.5,1,1,false,false,true,true,98
299,0x27dd0abb7d1b771f2953a5bd080365009c7610fe,2026-08-16 21:43:11.000 UTC,1,19275,1.2,2.313,1520.9,1,5,true,false,false,true,148
300,0xa7fc46e80699fa47f5698d5bba269aafa9020338,2026-08-16 21:43:11.000 UTC,1,19275,1.2,2.313,1520.9,1,5,true,false,false,true,148
301,0x987de5729f4105f7009b88f574512ced722d251f,2026-08-16 21:43:11.000 UTC,1,19275,1.2,2.313,1520.9,1,5,true,false,false,true,148
302,0x8340a08a0743da7ef08543fb950426f2ff6ef464,2026-08-16 21:43:11.000 UTC,1,19275,1.2,2.313,1520.9,1,5,true,false,false,true,148
303,0xf47905289b483e418f93d9bfe8e5937237ff5b7e,2026-08-16 21:43:11.000 UTC,1,19275,1.2,2.313,1520.9,1,5,true,false,false,true,148
304,0xf0efa8f119ae447e6ac33a1e97d5cbc14eea24ef,2026-08-16 21:43:23.000 UTC,1,19274,1.2,2.3129,1520.8,1,6,true,false,false,true,148
305,0x69fc99a896a07c0473cba2f1d0c146a5016c2c2c,2026-08-16 21:43:23.000 UTC,1,19274,1.2,2.3129,1520.8,1,6,true,false,false,true,148
306,0xfb1c687d47e7ba2e2304e2fe903b38db63e4f8e5,2026-08-16 21:43:23.000 UTC,1,19274,1.2,2.3129,1520.8,1,6,true,false,false,true,148
307,0x3bc64ba83cb0fffa4569d8da79814a3475c836ae,2026-08-16 21:43:23.000 UTC,1,19274,1.2,2.3129,1520.8,1,6,true,false,false,true,148
308,0x3bf6a17640feae9fab8d883a371f5b36e8e85c04,2026-08-16 21:43:23.000 UTC,1,19274,0.56,1.0749,1036.8,6,6,true,false,false,false,1
309,0x65097b99b16655518034fae0de37a8a0ac993a2e,2026-08-16 21:43:23.000 UTC,1,19274,1.2,2.3129,1520.8,1,6,true,false,false,true,148
310,0x3939603fe78202bafc73f1d00d67833b86ebcfc4,2026-08-16 21:43:35.000 UTC,1,19273,0.1,0.1927,439,1,1,false,false,false,true,19
311,0x0f80f1c65724c7bcddf852dd4c60177422e4e44f,2026-08-16 21:43:47.000 UTC,1,19271,1.2,2.3125,1520.7,1,5,true,false,false,true,148
312,0xc4fdd59506a240bf7adfed9d0351a710dc28acf3,2026-08-16 21:43:47.000 UTC,1,19271,1.2,2.3125,1520.7,1,5,true,false,false,true,148
313,0x0d611f99d2949ccc1f498ecfa3e743c100d41921,2026-08-16 21:43:47.000 UTC,1,19271,1.2,2.3125,1520.7,1,5,true,false,false,true,148
314,0x50f9e420e63ac9fa403b7f24d606853469afcb9e,2026-08-16 21:43:47.000 UTC,1,19271,1.2,2.3125,1520.7,1,5,true,false,false,true,148
315,0xb69548c53d3fd3599c9dea24934fddce73ad92d4,2026-08-16 21:43:47.000 UTC,1,19271,1.2,2.3125,1520.7,1,5,true,false,false,true,148
316,0x645dcad17c09c77fa17eff4fdc8738b088774563,2026-08-16 21:43:59.000 UTC,1,19270,0.05,0.0964,310.4,1,5,true,false,true,true,98
317,0x2d3fd4eb27e1ff622eb699c1b10cc7663be70ab5,2026-08-16 21:43:59.000 UTC,1,19270,490,944.23,30728.3,1,5,true,false,false,false,1
318,0x8765bbbbc020a058030c041cb4cece169e41e6fa,2026-08-16 21:43:59.000 UTC,1,19270,1.05,2.0196,1421.1,3,5,true,false,false,false,1
319,0xc7881c496c39fbdf224c211bd723707bb0dae589,2026-08-16 21:43:59.000 UTC,1,19270,0.051,0.0983,313.5,1,5,true,false,true,true,98
320,0x3f25b5f7fe9db6a5e153979f4fd71e097efadb29,2026-08-16 21:43:59.000 UTC,1,19270,6.4,11.8873,3447.8,2,5,true,false,false,false,1
321,0xa93a072987112d7476068c6f2adbce8495edfcff,2026-08-16 21:44:35.000 UTC,1,19266,1.2,2.3119,1520.5,1,5,true,false,false,true,148
322,0x59bf3f418d7fa3e6f8d5df86c5350d572f2319ee,2026-08-16 21:44:35.000 UTC,1,19266,1.2,2.3119,1520.5,1,5,true,false,false,true,148
323,0x49afbe54558c188aa299a7a75a88e92e8a9685ab,2026-08-16 21:44:35.000 UTC,1,19266,1.2,2.3119,1520.5,1,5,true,false,false,true,148
324,0x6725cb26a760950dc003e0bb74c09444337b4299,2026-08-16 21:44:35.000 UTC,1,19266,1.2,2.3119,1520.5,1,5,true,false,false,true,148
325,0x6b1748e9806815d68cd5b7d5cc3a8b475202aa12,2026-08-16 21:44:35.000 UTC,1,19266,1.2,2.3119,1520.5,1,5,true,false,false,true,148
326,0xf9cfbb505f9213bde70ea2b31dd07f47f94ecf82,2026-08-16 21:44:47.000 UTC,1,19264,0.75,1.4391,1199.6,8,2,false,false,false,false,1
327,0x1845e7d10e9db3749ca34677254e305a834b8458,2026-08-16 21:44:47.000 UTC,1,19264,1.06,2.0323,1425.6,4,2,false,false,false,false,1
328,0xe97bf0840ed42085ba3070bbc47a310d35459768,2026-08-16 21:44:59.000 UTC,1,19263,1.2,2.3116,1520.4,1,5,true,false,false,true,148
329,0x0d72e45fb2b74760fda3ed4fce237a2a071494da,2026-08-16 21:44:59.000 UTC,1,19263,1.2,2.3116,1520.4,1,5,true,false,false,true,148
330,0xb6b4ede04697121b601340b2c22aadd586cbeede,2026-08-16 21:44:59.000 UTC,1,19263,1.2,2.3116,1520.4,1,5,true,false,false,true,148
331,0x4690dc134f4eaa2ed9adf22f2a68004cf0b3e276,2026-08-16 21:44:59.000 UTC,1,19263,1.2,2.3116,1520.4,1,5,true,false,false,true,148
332,0x3b12f6b342f90fe860bcbdf5dc713fb70eb1566c,2026-08-16 21:44:59.000 UTC,1,19263,1.2,2.3116,1520.4,1,5,true,false,false,true,148
333,0xc6f00036946f1c8808654b60129324ea776729ec,2026-08-16 21:45:23.000 UTC,1,19260,1.2,2.3112,1520.3,1,7,true,false,false,true,148
334,0x4f0867472576899e572e3097e03b37e8d9173bd7,2026-08-16 21:45:23.000 UTC,1,19260,1.2,2.3112,1520.3,1,7,true,false,false,true,148
335,0x2ffe0351c78b5ad959d2731e36cae170df8a54e7,2026-08-16 21:45:23.000 UTC,1,19260,0.051,0.0982,313.4,1,7,true,false,true,true,98
336,0x928700fcb6f92464beb2b6e4c8dca855cd68ed45,2026-08-16 21:45:23.000 UTC,1,19260,0.05,0.0963,310.3,1,7,true,false,true,true,98
337,0x42f1b3e17597882b892e8d0f5100e5ca203f84fc,2026-08-16 21:45:23.000 UTC,1,19260,1.2,2.3112,1520.3,1,7,true,false,false,true,148
338,0xae34cda74d8ac9e4c4fa031919211cc63ce3a5ce,2026-08-16 21:45:23.000 UTC,1,19260,1.2,2.3112,1520.3,1,7,true,false,false,true,148
339,0x31444d641b4f7267312ed020222a85db0f3e8778,2026-08-16 21:45:23.000 UTC,1,19260,1.2,2.3112,1520.3,1,7,true,false,false,true,148
340,0x8789e43c242c55f99def43406bf3ce4bc7d3295a,2026-08-16 21:45:35.000 UTC,1,19259,0.05,0.0963,310.3,1,1,false,false,true,true,98
341,0x945b0c12f9a3f27b8c74f2b72e32345aab39add4,2026-08-16 21:45:47.000 UTC,1,19257,1.2,2.3108,1520.1,1,7,true,false,false,true,148
342,0xd140a657be3488e59eea34aec7efe82231be80cd,2026-08-16 21:45:47.000 UTC,1,19257,1.2,2.3108,1520.1,1,7,true,false,false,true,148
343,0x16c1fa82d7435101260725063479472654570f0b,2026-08-16 21:45:47.000 UTC,1,19257,1.2,2.3108,1520.1,1,7,true,false,false,true,148
344,0x561325387db4e93336260d30a2d21b66320f0d10,2026-08-16 21:45:47.000 UTC,1,19257,0.7,1.348,1161,1,7,true,false,false,false,1
345,0xcd90673faa58afa5c0ed28886f3cdb11753610f9,2026-08-16 21:45:47.000 UTC,1,19257,0.15,0.2889,537.5,1,7,true,false,false,true,7
346,0x0dc66626bf0d5fb5da864b428b1d53a6dcb75a90,2026-08-16 21:45:47.000 UTC,1,19257,1.2,2.3108,1520.1,1,7,true,false,false,true,148
347,0x972582d9785e004afba6e112935dc6d4036e96fe,2026-08-16 21:45:47.000 UTC,1,19257,1.2,2.3108,1520.1,1,7,true,false,false,true,148
348,0x5c613a24522f19e248d46ec7bbe53ef1d121892d,2026-08-16 21:45:59.000 UTC,1,19256,0.05,0.0963,310.3,1,3,false,false,true,true,98
349,0x1af563965d901f9ace22fd34541ecde1a6ed90ad,2026-08-16 21:45:59.000 UTC,1,19256,2,3.8505,1962.3,2,3,false,false,false,false,1
350,0x3990fd9f2e73a84234970cc96c66fcb55e48e295,2026-08-16 21:45:59.000 UTC,1,19256,0.05,0.0963,310.3,1,3,false,false,true,true,98
351,0x67b7d1b38171d7f223b2aec934b1dd23acb24412,2026-08-16 21:46:11.000 UTC,1,19255,1.2,2.3106,1520.1,1,5,true,false,false,true,148
352,0xcc5639da1c9caf9b54735b59b5830df5bbc83178,2026-08-16 21:46:11.000 UTC,1,19255,1.2,2.3106,1520.1,1,5,true,false,false,true,148
353,0x7e0a332bce335f85ddd2b0cbc0cda08f063398c7,2026-08-16 21:46:11.000 UTC,1,19255,1.2,2.3106,1520.1,1,5,true,false,false,true,148
354,0x86e9b0f5de4f7dea00e241aa3870069b19525a77,2026-08-16 21:46:11.000 UTC,1,19255,1.2,2.3106,1520.1,1,5,true,false,false,true,148
355,0x3484b0efa2ba237e0ce574b0247a339ada659c50,2026-08-16 21:46:11.000 UTC,1,19255,1.2,2.3106,1520.1,1,5,true,false,false,true,148
356,0x6d2556533a49380f6d358d376cef6a7a22c7fadc,2026-08-16 21:46:47.000 UTC,1,19250,1.2,2.31,1519.9,1,5,true,false,false,true,148
357,0xda3ce7ab86b67b66e9350d79cce2676e13fea7f0,2026-08-16 21:46:47.000 UTC,1,19250,1.2,2.31,1519.9,1,5,true,false,false,true,148
358,0xd1f768c2b90ca75ca06501c4d8aaeff6c3aca385,2026-08-16 21:46:47.000 UTC,1,19250,1.2,2.31,1519.9,1,5,true,false,false,true,148
359,0x49f7d22099c1b04d9fcf3b58256afa128358088f,2026-08-16 21:46:47.000 UTC,1,19250,1.2,2.31,1519.9,1,5,true,false,false,true,148
360,0x06ecebdc2409bf657d26a1c9f0df594f2249adb7,2026-08-16 21:46:47.000 UTC,1,19250,1.2,2.31,1519.9,1,5,true,false,false,true,148
361,0xd174313221729543bb558ddc2210b8cd538e7934,2026-08-16 21:47:11.000 UTC,1,19248,1.2,2.3098,1519.8,1,8,true,false,false,true,148
362,0xd366ce75de45af5929a4de26ef82df8103ddc8b7,2026-08-16 21:47:11.000 UTC,1,19248,0.05,0.0962,310.2,1,8,true,false,true,true,98
363,0xf92f4a00a02e20d021a4e43b137631298aefbc17,2026-08-16 21:47:11.000 UTC,1,19248,1.2,2.3098,1519.8,1,8,true,false,false,true,148
364,0x1648c601629cd1dc14f3c19890b92212a3407019,2026-08-16 21:47:11.000 UTC,1,19248,1.2,2.3098,1519.8,1,8,true,false,false,true,148
365,0xc8dd7871da5837b828d2e1a439d85bc302790a82,2026-08-16 21:47:11.000 UTC,1,19248,0.15,0.2883,536.9,2,8,true,false,false,true,11
366,0x60e40e264dc51aae1d9d991ab9ba0534c88ef092,2026-08-16 21:47:11.000 UTC,1,19248,1.2,2.3098,1519.8,1,8,true,false,false,true,148
367,0x406a1d16dcd0111237bf2d30b78116b018f4d83f,2026-08-16 21:47:11.000 UTC,1,19248,30,57.744,7598.9,1,8,true,false,false,false,1
368,0x0819604717a6dee94a7d253a041170cbe47f93a5,2026-08-16 21:47:11.000 UTC,1,19248,1.2,2.3098,1519.8,1,8,true,false,false,true,148
369,0x4c36c6fa90efe7ccf83441963ae5d0f9df968729,2026-08-16 21:47:35.000 UTC,1,19245,0.05,0.0962,310.2,1,8,true,false,true,true,98
370,0xebf132f9390e3d6087e1c26fa8ff625331a980fc,2026-08-16 21:47:35.000 UTC,1,19245,1.2,2.3094,1519.7,1,8,true,false,false,true,148
371,0x717849da240f49c2aff3159718631364c53b205c,2026-08-16 21:47:35.000 UTC,1,19245,0.05,0.0962,310.2,1,8,true,false,true,true,98
372,0x06e6dbded01d5a230044d67fb99d4c590ae06a48,2026-08-16 21:47:35.000 UTC,1,19245,1.2,2.3094,1519.7,1,8,true,false,false,true,148
373,0xf1d63e272025b09c58faf6822bb2679397b83579,2026-08-16 21:47:35.000 UTC,1,19245,5,9.6225,3102,1,8,true,false,false,false,1
374,0x6ebe6a6d584bd0efde17c8ec12339422995ea124,2026-08-16 21:47:35.000 UTC,1,19245,1.2,2.3094,1519.7,1,8,true,false,false,true,148
375,0x939008e0ad815014bf7e53ef1a3d1f849dfb8bc1,2026-08-16 21:47:35.000 UTC,1,19245,1.2,2.3094,1519.7,1,8,true,false,false,true,148
376,0x906f1c583ec9a7affc34f620afb5b27ed65debc8,2026-08-16 21:47:35.000 UTC,1,19245,1.2,2.3094,1519.7,1,8,true,false,false,true,148
377,0x3ce255049455be9f2840e5ef140d909e55842aa5,2026-08-16 21:48:23.000 UTC,1,19239,1.2,2.3087,1519.4,1,7,true,false,false,true,148
378,0x8df881b3b15e7baa0bfc8590fecd19b4a96fdfc8,2026-08-16 21:48:23.000 UTC,1,19239,1.2,2.3087,1519.4,1,7,true,false,false,true,148
379,0x02361e9a88ea4addbb2ac8189605222c5aef7dc1,2026-08-16 21:48:23.000 UTC,1,19239,0.051,0.0981,313.2,1,7,true,false,true,true,98
380,0x79500a3a10d706c6ea007c3d786336161ad19651,2026-08-16 21:48:23.000 UTC,1,19239,0.051,0.0981,313.2,1,7,true,false,true,true,98
381,0x1f0dfdd3c80bd941ea657d21b027a4dfdbf4428b,2026-08-16 21:48:23.000 UTC,1,19239,1.2,2.3087,1519.4,1,7,true,false,false,true,148
382,0x3a6bd1b285290742a6df6c05cc7cef07041ca059,2026-08-16 21:48:23.000 UTC,1,19239,1.2,2.3087,1519.4,1,7,true,false,false,true,148
383,0xd57bdee768d495bad49920b5f9aa8e86e97a7b3b,2026-08-16 21:48:23.000 UTC,1,19239,1.2,2.3087,1519.4,1,7,true,false,false,true,148
384,0x4cb5634a8f9175fb09f48517e191c188af73dff5,2026-08-16 21:48:47.000 UTC,1,19237,1.2,2.3084,1519.4,1,5,true,false,false,true,148
385,0x2f26b34e62ed1bc55ed281fb3fba733662acdd2f,2026-08-16 21:48:47.000 UTC,1,19237,1.2,2.3084,1519.4,1,5,true,false,false,true,148
386,0x91530c08d61246c25378209f3fdca4359f7a89a4,2026-08-16 21:48:47.000 UTC,1,19237,1.2,2.3084,1519.4,1,5,true,false,false,true,148
387,0x004ea18e363a90a6a8391aaa1e2e9068ff5d18c7,2026-08-16 21:48:47.000 UTC,1,19237,1.2,2.3084,1519.4,1,5,true,false,false,true,148
388,0xaa45e3ec3b67ce452ed32f6e8bbf960cfdbcff49,2026-08-16 21:48:47.000 UTC,1,19237,1.2,2.3084,1519.4,1,5,true,false,false,true,148
389,0x0993aef44c8aa7d21093115275194c8cc483f326,2026-08-16 21:48:59.000 UTC,1,19235,1,1.9211,1386,10,2,false,false,false,false,1
390,0xd6e08177ab9f35a36b22281749c4d857a2161ddc,2026-08-16 21:48:59.000 UTC,1,19235,0.051,0.0981,313.2,1,2,false,false,true,true,98
391,0x30607f2dcf5a12e489c33d27337cd79923b53d9e,2026-08-16 21:49:11.000 UTC,1,19234,1.2,2.3081,1519.2,1,6,true,false,false,true,148
392,0x15e56cf0a72f0e399ac39c2e49728583736fab30,2026-08-16 21:49:11.000 UTC,1,19234,1.2,2.3081,1519.2,1,6,true,false,false,true,148
393,0xdbc5f5b60bb8c5c298cabbc04ba96bd099352fbd,2026-08-16 21:49:11.000 UTC,1,19234,1.2,2.3081,1519.2,1,6,true,false,false,true,148
394,0x41e38f103ca35e9c3e6420fa51a23be528727759,2026-08-16 21:49:11.000 UTC,1,19234,1.2,2.3081,1519.2,1,6,true,false,false,true,148
395,0x1ac217d61c002caa32e1d46dadbbf3dc8f07e792,2026-08-16 21:49:11.000 UTC,1,19234,1,1.9208,1385.9,3,6,true,false,false,false,1
396,0x1c36dd9eaa5f06ecff62d4ec77b2c6d545c13e04,2026-08-16 21:49:11.000 UTC,1,19234,1.2,2.3081,1519.2,1,6,true,false,false,true,148
397,0xf26d5ef3ff67965ff492b30f237f270ba017ca0c,2026-08-16 21:49:23.000 UTC,1,19232,30,57.696,7595.8,1,2,false,false,false,false,1
398,0x99c28292eb893ccaec0af157a38b1d5150b66a9b,2026-08-16 21:49:23.000 UTC,1,19232,0.09,0.1731,416,1,2,false,false,false,true,19
399,0x2581f0d1cd783ac3ec1ea971bd06f26a6c2feef0,2026-08-16 21:49:35.000 UTC,1,19231,1.2,2.3077,1519.1,1,5,true,false,false,true,148
400,0x2331577d1590cb5e4c43f6cf8b3609f52d80f5a8,2026-08-16 21:49:35.000 UTC,1,19231,1.2,2.3077,1519.1,1,5,true,false,false,true,148
401,0xc2e08e0ba32156af678bce99440a25d5a310a3a0,2026-08-16 21:49:35.000 UTC,1,19231,1.2,2.3077,1519.1,1,5,true,false,false,true,148
402,0x4f7a9dc277cacd8d7bac725510d6c3a52c6416df,2026-08-16 21:49:35.000 UTC,1,19231,1.2,2.3077,1519.1,1,5,true,false,false,true,148
403,0xcbf0470be9729c43944c8123fb7ad33c3533736c,2026-08-16 21:49:35.000 UTC,1,19231,1.2,2.3077,1519.1,1,5,true,false,false,true,148
404,0x9221b7668b8e63f6448991f0403256076df2b9f1,2026-08-16 21:49:59.000 UTC,1,19228,0.05,0.0961,310.1,1,7,true,false,true,true,98
405,0x3231302d718210c227265dd0fc8ac18a8cca8e2f,2026-08-16 21:49:59.000 UTC,1,19228,1.2,2.3074,1519,1,7,true,false,false,true,148
406,0x6e74d7b43c7242a0f14d59b89c3c7934c9aac5cf,2026-08-16 21:49:59.000 UTC,1,19228,1.2,2.3074,1519,1,7,true,false,false,true,148
407,0x1c95b55add0979643dc1cded7ed788842b6377f1,2026-08-16 21:49:59.000 UTC,1,19228,0.05,0.0961,310.1,1,7,true,false,true,true,98
408,0x20ae518ec504174d57d0c7525cda202819d4c663,2026-08-16 21:49:59.000 UTC,1,19228,1.2,2.3074,1519,1,7,true,false,false,true,148
409,0x11e00308377e08e226059098e0e6fdfcac0585d3,2026-08-16 21:49:59.000 UTC,1,19228,1.2,2.3074,1519,1,7,true,false,false,true,148
410,0x1b1bbb463576ca754586211705734da039158ae3,2026-08-16 21:49:59.000 UTC,1,19228,1.2,2.3074,1519,1,7,true,false,false,true,148
411,0x754503cbcd31c3fc8badb99741cd59d709a8030f,2026-08-16 21:50:11.000 UTC,1,19227,0.051,0.0981,313.1,1,1,false,false,true,true,98
412,0x60de22045813eca7390a5ece6573e03bf6469bd2,2026-08-16 21:50:35.000 UTC,1,19224,1.2,2.3069,1518.8,1,8,true,false,false,true,148
413,0xec6e3cdf19feebf11cb73d320a7139fc7b196993,2026-08-16 21:50:35.000 UTC,1,19224,0.15,0.2884,537,1,8,true,false,false,true,7
414,0x2f4619a66a769ac2268a7547def5c39fd588212d,2026-08-16 21:50:35.000 UTC,1,19224,30,57.672,7594.2,1,8,true,false,false,false,1
415,0xeafff2295ecb66247f0e9f63cfb0b89dc6b664a4,2026-08-16 21:50:35.000 UTC,1,19224,1.2,2.3069,1518.8,1,8,true,false,false,true,148
416,0xf511b7d7a208ae48c556ec86c809e899c9e1267c,2026-08-16 21:50:35.000 UTC,1,19224,1.2,2.3069,1518.8,1,8,true,false,false,true,148
417,0xc3c7e5c5a7183a92cda1bcd4c3a99bf1bdc45bb3,2026-08-16 21:50:35.000 UTC,1,19224,1.2,2.3069,1518.8,1,8,true,false,false,true,148
418,0xac848c2a1148cca04dd9b1395b7b6bb7e5993c9f,2026-08-16 21:50:35.000 UTC,1,19224,1.2,2.3069,1518.8,1,8,true,false,false,true,148
419,0xd7259667ec1e749d8d1e1d72226484bc8c4d4412,2026-08-16 21:50:35.000 UTC,1,19224,18.7,35.9446,5995.4,11,8,true,false,false,false,1
420,0x2a114f33206f4371ed02da9307d952b585483902,2026-08-16 21:50:47.000 UTC,1,19223,0.07,0.1346,366.8,1,1,false,false,true,true,98
421,0xf53dc183d2be7e23248f288f15adecb327f2779c,2026-08-16 21:50:59.000 UTC,1,19221,1.2,2.3065,1518.7,1,8,true,false,false,true,148
422,0x645e476119bf666391dd0eb6415ee9a55ac76617,2026-08-16 21:50:59.000 UTC,1,19221,1.2,2.3065,1518.7,1,8,true,false,false,true,148
423,0x053758eff5caec881af0ff1b762fa58b6fd25ae5,2026-08-16 21:50:59.000 UTC,1,19221,1.2,2.3065,1518.7,1,8,true,false,false,true,148
424,0xc3c76c819b3c74b04ac010d9ddce91242ea341d1,2026-08-16 21:50:59.000 UTC,1,19221,1.2,2.3065,1518.7,1,8,true,false,false,true,148
425,0x3434502c20c359501bc8578d8df0e5cbadcf31ea,2026-08-16 21:50:59.000 UTC,1,19221,0.051,0.098,313.1,1,8,true,false,true,true,98
426,0xb0be147a23618e8cf32f3f35f7e29f98b29ae4c7,2026-08-16 21:50:59.000 UTC,1,19221,0.051,0.098,313.1,1,8,true,false,true,true,98
427,0x474632e588698f40d3bbfd261e5aedde5aab58f3,2026-08-16 21:50:59.000 UTC,1,19221,1.2,2.3065,1518.7,1,8,true,false,false,true,148
428,0xae2445cdc416b6a70bbf84a8678a13ea6003e7f8,2026-08-16 21:50:59.000 UTC,1,19221,15.15,28.9069,5376.5,2,8,true,false,false,false,1
429,0x1302c055c293d739dc0f25ed1edaff1364806e1b,2026-08-16 21:51:35.000 UTC,1,19217,0.052,0.0999,316.1,1,6,true,false,true,true,98
430,0xff17dd2fb97a46c2107531c1bf12744ab5bf2c63,2026-08-16 21:51:35.000 UTC,1,19217,1.2,2.306,1518.6,1,6,true,false,false,true,148
431,0xb5bc98ab1f5d6dc2d6164c8f228dbe159dbdd8a9,2026-08-16 21:51:35.000 UTC,1,19217,1.2,2.306,1518.6,1,6,true,false,false,true,148
432,0xa4b0cca87564bbcbffed0dd0e85dba82cd6e2157,2026-08-16 21:51:35.000 UTC,1,19217,1.2,2.306,1518.6,1,6,true,false,false,true,148
433,0x56540e2cc2bd105bcb7303f676b264601db9986b,2026-08-16 21:51:35.000 UTC,1,19217,1.2,2.306,1518.6,1,6,true,false,false,true,148
434,0x20c3c81affe82e38b7f5bce04c19d0ef92b53a8a,2026-08-16 21:51:35.000 UTC,1,19217,1.2,2.306,1518.6,1,6,true,false,false,true,148
435,0x6262a6de23ad5aa8d4b8cfd809b065148184d510,2026-08-16 21:51:47.000 UTC,1,19216,0.051,0.098,313.1,1,1,false,false,true,true,98
436,0x810954e3fda002973812ab00c58bb6b97a6a0f9c,2026-08-16 21:51:59.000 UTC,1,19214,1.2,2.3057,1518.4,1,5,true,false,false,true,148
437,0x036119e2ba9050d6f40786dc7b7453deccdf7d36,2026-08-16 21:51:59.000 UTC,1,19214,1.2,2.3057,1518.4,1,5,true,false,false,true,148
438,0x53c249fb0a3dce911874eb9ef625e9283fd84176,2026-08-16 21:51:59.000 UTC,1,19214,1.2,2.3057,1518.4,1,5,true,false,false,true,148
439,0x9a8429844e5bc42c19086e779941d09116ad15ba,2026-08-16 21:51:59.000 UTC,1,19214,1.2,2.3057,1518.4,1,5,true,false,false,true,148
440,0xcb4412d6b52ee24f8b176b33c5d0d440925ce932,2026-08-16 21:51:59.000 UTC,1,19214,1.2,2.3057,1518.4,1,5,true,false,false,true,148
441,0x06153034ba8fc48e7466b7787fadc7a2449750f4,2026-08-16 21:52:23.000 UTC,1,19212,1.2,2.3054,1518.4,1,5,true,false,false,true,148
442,0xa7a17a78e4ce7d6d1235f80e83459d275b0bea60,2026-08-16 21:52:23.000 UTC,1,19212,1.2,2.3054,1518.4,1,5,true,false,false,true,148
443,0xc3ed24a8f77fa476f7d209cf01ddff3a572db6e2,2026-08-16 21:52:23.000 UTC,1,19212,1.2,2.3054,1518.4,1,5,true,false,false,true,148
444,0x71bc9cfb9ca47d9551c343b8fb893a712b50dc3d,2026-08-16 21:52:23.000 UTC,1,19212,1.2,2.3054,1518.4,1,5,true,false,false,true,148
445,0xa3b039971009d489e1838798107424583f9fb4fe,2026-08-16 21:52:23.000 UTC,1,19212,1.2,2.3054,1518.4,1,5,true,false,false,true,148
446,0x35210fc5cdacbb6713263e92766c6ff1f24bd1f0,2026-08-16 21:52:35.000 UTC,1,19210,0.05,0.0961,309.9,1,2,false,false,true,true,98
447,0x91cc9fe137bb508fba1ed5c51f1f722c626a5cfa,2026-08-16 21:52:35.000 UTC,1,19210,0.051,0.098,313,1,2,false,false,true,true,98
448,0xe606179f97b757c397ab53341d73530569449d82,2026-08-16 21:52:59.000 UTC,1,19207,1.2,2.3048,1518.2,1,7,true,false,false,true,148
449,0xb65c1e1384c912a1b7932bca46da9b9c8fd17247,2026-08-16 21:52:59.000 UTC,1,19207,1.2,2.3048,1518.2,1,7,true,false,false,true,148
450,0x929f2e23a6e528118a20d5507dbb505ade189a92,2026-08-16 21:52:59.000 UTC,1,19207,1.2,2.3048,1518.2,1,7,true,false,false,true,148
451,0xe4dfa2a5f194b635c5fb85097ba86c6271f5162c,2026-08-16 21:52:59.000 UTC,1,19207,1.2,2.3048,1518.2,1,7,true,false,false,true,148
452,0xa5709eb9da6460f43cec798b84108ca1a928fd5b,2026-08-16 21:52:59.000 UTC,1,19207,1.2,2.3048,1518.2,1,7,true,false,false,true,148
453,0x55bf437771b6cf30eebcde92bd712a06de4e2876,2026-08-16 21:52:59.000 UTC,1,19207,0.24,0.461,678.9,1,7,true,false,false,false,1
454,0xeaf77e42920020e708eec82ae999b4c505374fee,2026-08-16 21:52:59.000 UTC,1,19207,30,57.621,7590.8,1,7,true,false,false,false,1
455,0xb089143ce5df13f87e25f80dfcc05ea785755ed2,2026-08-16 21:53:23.000 UTC,1,19205,1.2,2.3046,1518.1,1,7,true,false,false,true,148
456,0x28427e756b6e28e3db87575ea297ea455cd25d96,2026-08-16 21:53:23.000 UTC,1,19205,0.051,0.0979,313,1,7,true,false,true,true,98
457,0x00b471096961a322ca3fa048ed4af5b99249fbc1,2026-08-16 21:53:23.000 UTC,1,19205,1.2,2.3046,1518.1,1,7,true,false,false,true,148
458,0x366da6c0f7390c9a090fb3b48140a882f7ca7814,2026-08-16 21:53:23.000 UTC,1,19205,1.2,2.3046,1518.1,1,7,true,false,false,true,148
459,0x974d1c8345a349785c67a5bb5bfce884d2b3ff36,2026-08-16 21:53:23.000 UTC,1,19205,1.2,2.3046,1518.1,1,7,true,false,false,true,148
460,0x7e70143153a5b24f7269d99ef7dbabb4bf464404,2026-08-16 21:53:23.000 UTC,1,19205,1.2,2.3046,1518.1,1,7,true,false,false,true,148
461,0xd6243c54d96a04fe2a6c0ff68de6aa3c40442483,2026-08-16 21:53:23.000 UTC,1,19205,0.05,0.096,309.9,1,7,true,false,true,true,98
462,0xe1ffc07e568900a39bcb88c9cff0a0daa16a40a9,2026-08-16 21:53:35.000 UTC,1,19203,0.79,1.517,1231.7,1,1,false,false,false,false,1
463,0x9e00ff8489ef1f2a875f66e7f5ac48f669965826,2026-08-16 21:53:47.000 UTC,1,19202,0.05,0.096,309.9,1,1,false,false,true,true,98
464,0xf9a6e93980496afdcfb5cdf98e5e077c828e9665,2026-08-16 21:53:59.000 UTC,1,19200,0.05,0.096,309.8,1,2,false,false,true,true,98
465,0x0b50ee563d6f54a04d305d6121ae5f1211f8278c,2026-08-16 21:53:59.000 UTC,1,19200,30,57.6,7589.5,1,2,false,false,false,false,1
466,0x2ca81b813dfcf9036e83fdf5b879251ab81b5826,2026-08-16 21:54:11.000 UTC,1,19199,1.2,2.3039,1517.9,1,6,true,false,false,true,148
467,0x50a62e383237a5659e0b83cb81fe4629745ce4ac,2026-08-16 21:54:11.000 UTC,1,19199,0.05,0.096,309.8,1,6,true,false,true,true,98
468,0xafae4b1910aec4c5bf2e4ff5c3ebb83b1deffd7f,2026-08-16 21:54:11.000 UTC,1,19199,1.2,2.3039,1517.9,1,6,true,false,false,true,148
469,0x9047672abc60104f69048fec2d3231181d267a92,2026-08-16 21:54:11.000 UTC,1,19199,1.2,2.3039,1517.9,1,6,true,false,false,true,148
470,0x776a9b3421d683347578e436d4b48f2a940b541f,2026-08-16 21:54:11.000 UTC,1,19199,1.2,2.3039,1517.9,1,6,true,false,false,true,148
471,0xce4bc29ec9ffbe9afd305a1db4f96d6cc5b8e8bb,2026-08-16 21:54:11.000 UTC,1,19199,1.2,2.3039,1517.9,1,6,true,false,false,true,148
472,0xb9dbb7cca741fd120831529489aa014c4a1aeb04,2026-08-16 21:54:35.000 UTC,1,19196,1.92,3.629,1905,2,2,false,false,false,false,1
473,0x27b2fd7db0d57dafde5f95f3e043a4d436cc245c,2026-08-16 21:54:35.000 UTC,1,19196,0.45,0.8633,929.1,2,2,false,false,false,false,1
474,0x936d3a6020fda8fc00dccc9c041e1395c398b457,2026-08-16 21:54:47.000 UTC,1,19195,1.2,2.3034,1517.7,1,6,true,false,false,true,148
475,0x668e2c3bfd3c7b354c47c2273540838c1e0cbc35,2026-08-16 21:54:47.000 UTC,1,19195,1.2,2.3034,1517.7,1,6,true,false,false,true,148
476,0x2c997851c4705887a2a73e1b4f506bb4e8737765,2026-08-16 21:54:47.000 UTC,1,19195,1.2,2.3034,1517.7,1,6,true,false,false,true,148
477,0x52d9d2ebe29bdc191de2501a2c4502b5a5c7a387,2026-08-16 21:54:47.000 UTC,1,19195,1,1.9195,1385.5,1,6,true,false,false,false,1
478,0x561233a16e498533ad842ea6e995194eb4ba8410,2026-08-16 21:54:47.000 UTC,1,19195,1.2,2.3034,1517.7,1,6,true,false,false,true,148
479,0x1edf28c09b35061db86af954b6b2322c62f85df2,2026-08-16 21:54:47.000 UTC,1,19195,1.2,2.3034,1517.7,1,6,true,false,false,true,148
480,0xa375536126ea9f05f017e5e4dafa679ecc3f59cc,2026-08-16 21:54:59.000 UTC,1,19194,1.2,2.3033,1517.7,1,7,true,false,false,true,148
481,0x9219e7a1bfda65a3f45eecbcf874eb495ef7e26e,2026-08-16 21:54:59.000 UTC,1,19194,1.2,2.3033,1517.7,1,7,true,false,false,true,148
482,0xaad3f02b9ec9c22bf7ca28bf39539af8d9ab6ba0,2026-08-16 21:54:59.000 UTC,1,19194,1.2,2.3033,1517.7,1,7,true,false,false,true,148
483,0x3d4881b92e9dfe7eec1ae23ece6c8e4c946e35fa,2026-08-16 21:54:59.000 UTC,1,19194,0.15,0.2878,536.4,2,7,true,false,false,true,11
484,0xf91ffbc8d384bc2aa9c30c5d2b199e51ecf44690,2026-08-16 21:54:59.000 UTC,1,19194,5,9.597,3097.9,1,7,true,false,false,false,1
485,0xacc12b13f99d61ea73a8180cfcb4875acf0a356d,2026-08-16 21:54:59.000 UTC,1,19194,1.2,2.3033,1517.7,1,7,true,false,false,true,148
486,0x700534ed880ec945e3f77db5998b145b97af02d1,2026-08-16 21:54:59.000 UTC,1,19194,1.2,2.3033,1517.7,1,7,true,false,false,true,148
487,0x128b4d9a062d137710f362d2b5c0b81e2726cc40,2026-08-16 21:55:11.000 UTC,1,19192,0.15,0.2879,536.5,1,1,false,false,false,true,7
488,0xf13176ece4ed8d9aa4c335cd4f247458d4863fe4,2026-08-16 21:55:23.000 UTC,1,19191,9.1,17.4564,4178.1,3,7,true,false,false,false,1
489,0x01d001f3a81a63fe6561118d16a2f937ab7fb5c6,2026-08-16 21:55:23.000 UTC,1,19191,1.2,2.3029,1517.5,1,7,true,false,false,true,148
490,0x588761344b224c0ec915251b4f893a1707541255,2026-08-16 21:55:23.000 UTC,1,19191,1.2,2.3029,1517.5,1,7,true,false,false,true,148
491,0x4ee999392704c972c353b2894f1ae7bfe93d92e7,2026-08-16 21:55:23.000 UTC,1,19191,1.2,2.3029,1517.5,1,7,true,false,false,true,148
492,0x881ba90cf5c4d0afa9b39990b1790ea115496d5c,2026-08-16 21:55:23.000 UTC,1,19191,21,40.3011,6348.3,1,7,true,false,false,false,1
493,0x71b328cf40fe2a982c0af8d295452d5c83ef5912,2026-08-16 21:55:23.000 UTC,1,19191,1.2,2.3029,1517.5,1,7,true,false,false,true,148
494,0xada11414569210e51930e418f91a54ac6508b70c,2026-08-16 21:55:23.000 UTC,1,19191,1.2,2.3029,1517.5,1,7,true,false,false,true,148
495,0x5b6ec88c0e9e36003b4f878efaad095cb0899c0d,2026-08-16 21:56:23.000 UTC,1,19184,1.2,2.3021,1517.3,1,6,true,false,false,true,148
496,0x39083e05c944f46180fdfc41a5d3166cb4b5f678,2026-08-16 21:56:23.000 UTC,1,19184,1.2,2.3021,1517.3,1,6,true,false,false,true,148
497,0x5776e992a62cc920a472cc1118699ca64a1aad04,2026-08-16 21:56:23.000 UTC,1,19184,1.2,2.3021,1517.3,1,6,true,false,false,true,148
498,0xe946491ca5543a0b2910e541d465b81d1279291b,2026-08-16 21:56:23.000 UTC,1,19184,1.2,2.3021,1517.3,1,6,true,false,false,true,148
499,0x69a4b63b86d7336e72c4b0a76cbb80f0961bdfc0,2026-08-16 21:56:23.000 UTC,1,19184,1.2,2.3021,1517.3,1,6,true,false,false,true,148
500,0xb51ff2f65b935142aab32abefa1c0e29a4161d31,2026-08-16 21:56:23.000 UTC,1,19184,1.1,2.1102,1452.6,2,6,true,false,false,false,1
501,0x3a87effabfd03e6358ee90c11b12d6a47dacacdf,2026-08-16 21:56:35.000 UTC,1,19182,0.75,1.3747,1172.5,8,3,false,false,false,false,1
502,0xb5707a21a5a4389fef0871f9d7d5e69534a76dd3,2026-08-16 21:56:35.000 UTC,1,19182,0.3511,0.6733,820.6,2,3,false,false,false,false,1
503,0xf5d8b51e0ae962aa81500cf4bf7510e1e73ab2f5,2026-08-16 21:56:35.000 UTC,1,19182,18.8,36.0299,6002.5,8,3,false,false,false,false,1
504,0xa4c2e902ecf97a1dadd0f69a53f1250c90dbf599,2026-08-16 21:56:47.000 UTC,1,19181,0.05,0.0959,309.7,1,1,false,false,true,true,98
505,0xc28d30dd716a40b0c19215b732ce7be0e80a5098,2026-08-16 21:57:35.000 UTC,1,19175,6.23,11.8835,3447.2,3,2,false,false,false,false,1
506,0x2c44586dd63e5b70be47f20e7c83b1c2d45c3100,2026-08-16 21:57:35.000 UTC,1,19175,0.05,0.0959,309.6,1,2,false,false,true,true,98
507,0xd2dfaa808ebfaaa38ad0701ad21a7f045e8c7a73,2026-08-16 21:57:59.000 UTC,1,19173,1.2,2.3008,1516.8,1,7,true,false,false,true,148
508,0x517b6dcb0c1c408604dd3504e7fc113638e47484,2026-08-16 21:57:59.000 UTC,1,19173,1.2,2.3008,1516.8,1,7,true,false,false,true,148
509,0x8a740ef9794cc8b497cc488f267b98d4099eb581,2026-08-16 21:57:59.000 UTC,1,19173,1.2,2.3008,1516.8,1,7,true,false,false,true,148
510,0x2e5d8bfdfa05fb8bbb0d7632545e951735ea1d0e,2026-08-16 21:57:59.000 UTC,1,19173,0.051,0.0978,312.7,1,7,true,false,true,true,98
511,0xb344ed02d72390e88ab006f9e3cef1c8da7c6d4b,2026-08-16 21:57:59.000 UTC,1,19173,1.2,2.3008,1516.8,1,7,true,false,false,true,148
512,0x810ce8ca04b667e93414bb8be62443f61076784a,2026-08-16 21:57:59.000 UTC,1,19173,0.05,0.0959,309.6,1,7,true,false,true,true,98
513,0xc25f1cf2a2286268382a5b2570063e4d6fc93527,2026-08-16 21:57:59.000 UTC,1,19173,1.2,2.3008,1516.8,1,7,true,false,false,true,148
514,0xfe4b04ade5478f3b649614221cdcc43ee31fa27e,2026-08-16 21:58:11.000 UTC,1,19171,7,12.3024,3507.5,3,1,false,false,false,false,1
515,0x2bdf1a698d39a4358e2c162deacc038fadb8a9d5,2026-08-16 21:58:23.000 UTC,1,19170,125,239.625,15479.8,1,1,false,false,false,false,1
516,0x92fc3c72ac0cfca2bc5a6645a578aee107540e2f,2026-08-16 21:58:35.000 UTC,1,19169,1.01,1.9361,1391.4,1,1,false,false,false,false,1
517,0x81e7e0d329ccf00b7ebfa3bd22a50f27a7b3d775,2026-08-16 21:58:47.000 UTC,2,19167,15,28.7505,5361.9,1,8,true,false,false,false,1
518,0xfb86e989442d6561f6dc07522c5d0c3e0cfd8f97,2026-08-16 21:58:47.000 UTC,2,19167,1.2,2.3,1516.6,1,8,true,false,false,true,160
519,0xf8efea486d43ada6db2bd4a3fc53fc706245f778,2026-08-16 21:58:47.000 UTC,2,19167,1.2,2.3,1516.6,1,8,true,false,false,true,160
520,0xf2b13096c07a125e3f739e7461cf1659683701c3,2026-08-16 21:58:47.000 UTC,2,19167,1.2,2.3,1516.6,1,8,true,false,false,true,160
521,0xec86266d234d506e2b79f3a34099eabc4ea44de0,2026-08-16 21:58:47.000 UTC,2,19167,1.2,2.3,1516.6,1,8,true,false,false,true,160
522,0xe620d6272da069553e7b398ea5880d1c0dbcbabb,2026-08-16 21:58:47.000 UTC,2,19167,0.48,0.92,959.2,1,8,true,false,false,false,1
523,0xfb21d6d4635eded465eb78b9eb1c1b1eb42f382c,2026-08-16 21:58:47.000 UTC,2,19167,1.2,2.3,1516.6,1,8,true,false,false,true,160
524,0xc8efc5fe8831799be015e0d523d15e932e7fb705,2026-08-16 21:58:47.000 UTC,2,19167,30,57.501,7582.9,1,8,true,false,false,false,1
525,0x8dfdd509f7537713f68fd64bf98f1e246482e8da,2026-08-16 21:58:59.000 UTC,2,19166,0.27,0.5175,719.4,1,1,false,false,false,false,1
526,0x2163c67bc8f090a853ff75ba53c35da46c9bb9c4,2026-08-16 21:59:11.000 UTC,2,19164,1.6,3.0662,1751.1,1,1,false,false,false,false,1
527,0xb4e17b37122ecc03385ae090c5040fea8555e471,2026-08-16 21:59:35.000 UTC,2,19162,60,114.972,10722.5,1,6,true,false,false,false,1
528,0xb67608963ce25dfc9c852574ff5b23144cca16ea,2026-08-16 21:59:35.000 UTC,2,19162,1.2,2.2994,1516.4,1,6,true,false,false,true,160
529,0x96ac1733cd6709f66df59ff4e3bfd70a3f975130,2026-08-16 21:59:35.000 UTC,2,19162,1.2,2.2994,1516.4,1,6,true,false,false,true,160
530,0x41fe25ce1a88d1d542350123a235919b62f1f86d,2026-08-16 21:59:35.000 UTC,2,19162,1.2,2.2994,1516.4,1,6,true,false,false,true,160
531,0x404b02d83f47b395fcd64c4fcd6564b4f72e331e,2026-08-16 21:59:35.000 UTC,2,19162,1.2,2.2994,1516.4,1,6,true,false,false,true,160
532,0xbcfcd1fc27fd008ba70d46f23b2f6175df3bb10f,2026-08-16 21:59:35.000 UTC,2,19162,1.2,2.2994,1516.4,1,6,true,false,false,true,160
533,0x1422e772834b371a610f1821f74f1d01abf4f4bc,2026-08-16 21:59:59.000 UTC,2,19159,1.2,2.2991,1516.3,1,6,true,false,false,true,160
534,0x95d701e28331a7ebff657d2357cd92bfb7aa30f9,2026-08-16 21:59:59.000 UTC,2,19159,1.2,2.2991,1516.3,1,6,true,false,false,true,160
535,0x4fde01b4962b879c6e8bbfdf53b28dedf0b91eda,2026-08-16 21:59:59.000 UTC,2,19159,1.2,2.2991,1516.3,1,6,true,false,false,true,160
536,0xa3868039e9efffbcdd2f954fdd98ac4c8550219f,2026-08-16 21:59:59.000 UTC,2,19159,1.2,2.2991,1516.3,1,6,true,false,false,true,160
537,0x18e4508ae09a93a24006b7e36d2833659ac6602c,2026-08-16 21:59:59.000 UTC,2,19159,0.46,0.8813,938.8,1,6,true,false,false,false,1
538,0xadd38b7f8b5e49b48296fc1b4d071768ba5ea9b8,2026-08-16 21:59:59.000 UTC,2,19159,1.2,2.2991,1516.3,1,6,true,false,false,true,160
539,0x9be4fce8685dfed05e98382052a244b9573e8998,2026-08-16 22:01:11.000 UTC,2,19150,0.544,1.0418,1020.7,1,3,false,false,false,false,1
540,0xd38ed6ff0bf4ed6cabf15ea83d5e22db9529056e,2026-08-16 22:01:11.000 UTC,2,19150,0.25,0.4712,686.4,3,3,false,false,false,true,5
541,0xed4590524aa41042e32e8e662cf8f526ed2aafd1,2026-08-16 22:01:11.000 UTC,2,19150,0.05,0.0958,309.4,1,3,false,false,true,true,55
542,0xee730a25ca18b1ba36f5992ba50e562b70391954,2026-08-16 22:01:23.000 UTC,2,19149,0.05,0.0957,309.4,1,1,false,false,true,true,55
543,0x515ebdc3559e4dad7873f7f393bf9100db2d1690,2026-08-16 22:01:35.000 UTC,2,19148,1.2,2.2978,1515.8,1,5,true,false,false,true,160
544,0xa317334739185526cebd4137c0e0f0a8af8b4908,2026-08-16 22:01:35.000 UTC,2,19148,1.2,2.2978,1515.8,1,5,true,false,false,true,160
545,0x8d5c8b567b9959be2ba43cc8e308439db7e5d642,2026-08-16 22:01:35.000 UTC,2,19148,1.2,2.2978,1515.8,1,5,true,false,false,true,160
546,0x0933e82b1f39f103b1afb4b2bd96b826469b5549,2026-08-16 22:01:35.000 UTC,2,19148,1.2,2.2978,1515.8,1,5,true,false,false,true,160
547,0x6366f62cf8fb9610befb2c61519c7f73fa653dc2,2026-08-16 22:01:35.000 UTC,2,19148,1.2,2.2978,1515.8,1,5,true,false,false,true,160
548,0xb85a03cbc134ed0a0834cd4fab0d83da76da5724,2026-08-16 22:01:59.000 UTC,2,19145,1.2,2.2974,1515.7,1,5,true,false,false,true,160
549,0x5c92d4b183f687a5f648858f6e38684ae6c13dfc,2026-08-16 22:01:59.000 UTC,2,19145,1.2,2.2974,1515.7,1,5,true,false,false,true,160
550,0x206b1726d55bf810c15da02f4ac1746ecc921a26,2026-08-16 22:01:59.000 UTC,2,19145,1.2,2.2974,1515.7,1,5,true,false,false,true,160
551,0x748d670fd3ae9d0a6612dedb37ec37fa8655370d,2026-08-16 22:01:59.000 UTC,2,19145,1.2,2.2974,1515.7,1,5,true,false,false,true,160
552,0x94e6292daf471fec2151d29f3781ceb9fb7cb924,2026-08-16 22:01:59.000 UTC,2,19145,1.2,2.2974,1515.7,1,5,true,false,false,true,160
553,0x3c926ee5e990b3999f1f656a9b18ff678ce82976,2026-08-16 22:02:23.000 UTC,2,19142,0.05,0.0957,309.4,1,1,false,false,true,true,55
554,0xebdd06b1b65092de867ea728ed3599c91556c41f,2026-08-16 22:02:35.000 UTC,2,19141,1.2,2.2969,1515.6,1,5,true,false,false,true,160
555,0x8e5c943549c4899da16324e20b4f3288383f563c,2026-08-16 22:02:35.000 UTC,2,19141,1.2,2.2969,1515.6,1,5,true,false,false,true,160
556,0x340d655f7e152a1c44bebf0fe19d2c61138186ae,2026-08-16 22:02:35.000 UTC,2,19141,1.2,2.2969,1515.6,1,5,true,false,false,true,160
557,0x6f1053afa65ecdb092308ee18fb5634ec5dff70d,2026-08-16 22:02:35.000 UTC,2,19141,1.2,2.2969,1515.6,1,5,true,false,false,true,160
558,0x5dde6d6990161ae2f19aa1ae868f70304cb703b8,2026-08-16 22:02:35.000 UTC,2,19141,1.2,2.2969,1515.6,1,5,true,false,false,true,160
559,0x16d5d3c01960f109f6ade583d1871cef5aa81548,2026-08-16 22:02:47.000 UTC,2,19139,1.2,2.2967,1515.5,1,5,true,false,false,true,160
560,0xeca20925e26ef4e3c0e0a9a24d5193eda7bbf948,2026-08-16 22:02:47.000 UTC,2,19139,1.2,2.2967,1515.5,1,5,true,false,false,true,160
561,0xf6e94d8522b0f27bf7860ce85f835f79d4180990,2026-08-16 22:02:47.000 UTC,2,19139,1.2,2.2967,1515.5,1,5,true,false,false,true,160
562,0x56a5eaa935e4d1447a3e7fd5a08c2a801dcb321e,2026-08-16 22:02:47.000 UTC,2,19139,1.2,2.2967,1515.5,1,5,true,false,false,true,160
563,0x44655d3dc321d2c36eec4abc9c742592e8ea3477,2026-08-16 22:02:47.000 UTC,2,19139,1.2,2.2967,1515.5,1,5,true,false,false,true,160
564,0x30b4ce3fcdbb7c719394163520d5779863d614cf,2026-08-16 22:03:11.000 UTC,2,19137,0.57,1.0908,1044.4,1,6,true,false,false,true,5
565,0xc6cadfbd3085da25a278a4d2c78e2baa1041c597,2026-08-16 22:03:11.000 UTC,2,19137,1.2,2.2964,1515.4,1,6,true,false,false,true,160
566,0xdaa6dda9bfb7c71e0e48f215043f01bb97780467,2026-08-16 22:03:11.000 UTC,2,19137,1.2,2.2964,1515.4,1,6,true,false,false,true,160
567,0x6c893c48b353081a2d15304f3ee358192c7af094,2026-08-16 22:03:11.000 UTC,2,19137,1.2,2.2964,1515.4,1,6,true,false,false,true,160
568,0x5eafc28214b61406b10a44330de9a41d0c23af2c,2026-08-16 22:03:11.000 UTC,2,19137,1.2,2.2964,1515.4,1,6,true,false,false,true,160
569,0xf4fc41132f43e6010b68fe446957cec2f1c1ad67,2026-08-16 22:03:11.000 UTC,2,19137,1.2,2.2964,1515.4,1,6,true,false,false,true,160
570,0xbf3e52f7c6649aad43fb79be57e8f8cf2be96cd1,2026-08-16 22:03:23.000 UTC,2,19135,0.05,0.0957,309.3,1,2,false,false,true,true,55
571,0x84370b522ca6f57cff01eaa3d6df81e9357ac958,2026-08-16 22:03:23.000 UTC,2,19135,0.05,0.0957,309.3,1,2,false,false,true,true,55
572,0x412a5f2d8cfc08e611da961fcd49bc1a20a1301c,2026-08-16 22:03:35.000 UTC,2,19134,1.2,2.2961,1515.3,1,5,true,false,false,true,160
573,0x16544c83084aa567245c62a2a755947fe22f2084,2026-08-16 22:03:35.000 UTC,2,19134,1.2,2.2961,1515.3,1,5,true,false,false,true,160
574,0xca9088e74a016fd89e2d5e06fd0e305b32a5391c,2026-08-16 22:03:35.000 UTC,2,19134,1.2,2.2961,1515.3,1,5,true,false,false,true,160
575,0x6e0475adaee67f435adaaf461623c73192a580ad,2026-08-16 22:03:35.000 UTC,2,19134,1.2,2.2961,1515.3,1,5,true,false,false,true,160
576,0x95e54513b1a3f81bf824a16b5520519d4acf803a,2026-08-16 22:03:35.000 UTC,2,19134,1.2,2.2961,1515.3,1,5,true,false,false,true,160
577,0x251ba2d69b65d89c012d1eb7860d14c4ef73c4bf,2026-08-16 22:03:47.000 UTC,2,19132,0.05,0.0957,309.3,1,1,false,false,true,true,55
578,0xca2f027bc89ec572257471c0cc16f181b52b35a6,2026-08-16 22:03:59.000 UTC,2,19131,1.2,2.2957,1515.2,1,5,true,false,false,true,160
579,0x8109a86d690df2676d1dd1814cb28eca7e746ba3,2026-08-16 22:03:59.000 UTC,2,19131,1.2,2.2957,1515.2,1,5,true,false,false,true,160
580,0xd3f438220e3b6b00f095c1f31feae9951140fc5c,2026-08-16 22:03:59.000 UTC,2,19131,1.2,2.2957,1515.2,1,5,true,false,false,true,160
581,0x3a9e89cbfb1de8e65b3cf83f6fb8a3e85c72b888,2026-08-16 22:03:59.000 UTC,2,19131,1.2,2.2957,1515.2,1,5,true,false,false,true,160
582,0x20f41c6ec68f2887af972635e09ba64c1fab9e35,2026-08-16 22:03:59.000 UTC,2,19131,1.2,2.2957,1515.2,1,5,true,false,false,true,160
583,0x95fcc9f047de57d5271ad2a624e4040b1a9fd197,2026-08-16 22:04:11.000 UTC,2,19130,1.2,2.2956,1515.1,1,6,true,false,false,true,160
584,0x74f8b0d720da0b3e75220098377e5cef02848479,2026-08-16 22:04:11.000 UTC,2,19130,1.2,2.2956,1515.1,1,6,true,false,false,true,160
585,0x34f768eaf4560351eff3d8509aaf2f67856221b0,2026-08-16 22:04:11.000 UTC,2,19130,0.59,1.1287,1062.4,1,6,true,false,false,true,5
586,0x467ca017318ccfbe1befac2061eb34d457081af6,2026-08-16 22:04:11.000 UTC,2,19130,1.2,2.2956,1515.1,1,6,true,false,false,true,160
587,0x5852b5f17cce4c0ebcaf5b4ce8a503bd1bbf349a,2026-08-16 22:04:11.000 UTC,2,19130,1.2,2.2956,1515.1,1,6,true,false,false,true,160
588,0xd68e666a0d8fcc91d9951f0010d0ca087deb0a99,2026-08-16 22:04:11.000 UTC,2,19130,1.2,2.2956,1515.1,1,6,true,false,false,true,160
589,0x7642f8816390a883d88d463968f234948dfab67d,2026-08-16 22:04:23.000 UTC,2,19128,0.05,0.0956,309.3,1,1,false,false,true,true,55
590,0x077b4321ad92b6f59a24bf1b51c2940593852982,2026-08-16 22:04:35.000 UTC,2,19127,1.2,2.2952,1515,1,5,true,false,false,true,160
591,0x3002c1b8fa114f56ddb12cb84be18763adda5281,2026-08-16 22:04:35.000 UTC,2,19127,1.2,2.2952,1515,1,5,true,false,false,true,160
592,0x5cb19e4abcc731fdea21a204ad2144f4706940ab,2026-08-16 22:04:35.000 UTC,2,19127,1.2,2.2952,1515,1,5,true,false,false,true,160
593,0xa0f97819845ff506f324959fa5e6d6a59f2da959,2026-08-16 22:04:35.000 UTC,2,19127,1.2,2.2952,1515,1,5,true,false,false,true,160
594,0xee3274a097f45578c1eed32909bc30e9cd8b38d8,2026-08-16 22:04:35.000 UTC,2,19127,1.2,2.2952,1515,1,5,true,false,false,true,160
595,0x52240f6ea035b1605d42fb2c65f65c09908c63f1,2026-08-16 22:04:47.000 UTC,2,19125,1.2,2.295,1514.9,1,5,true,false,false,true,160
596,0x0112c6c68f2e8f1f3cf3f2b9578f4001401739e1,2026-08-16 22:04:47.000 UTC,2,19125,1.2,2.295,1514.9,1,5,true,false,false,true,160
597,0x16d9c42c62172d84797ac094a4630ff69d45ad3e,2026-08-16 22:04:47.000 UTC,2,19125,1.2,2.295,1514.9,1,5,true,false,false,true,160
598,0x9cacdf1a27af780ddc21b821318e95fec6be3857,2026-08-16 22:04:47.000 UTC,2,19125,1.2,2.295,1514.9,1,5,true,false,false,true,160
599,0xc55f5ddd7360086eabd006f7b7bd0bd925b15e23,2026-08-16 22:04:47.000 UTC,2,19125,1.2,2.295,1514.9,1,5,true,false,false,true,160
600,0x5b1ac80c0ed36a14893c7b20c75b096965cf2bb0,2026-08-16 22:05:11.000 UTC,2,19123,1.2,2.2948,1514.8,1,6,true,false,false,true,160
601,0x84286b7d56a53952a3df3874d322323a1825241d,2026-08-16 22:05:11.000 UTC,2,19123,1.2,2.2948,1514.8,1,6,true,false,false,true,160
602,0x0f371c6ef2e8d12be41b1d64358613efccc8e354,2026-08-16 22:05:11.000 UTC,2,19123,0.45,0.8598,927.3,5,6,true,false,false,false,1
603,0x15a7e391e5a262ef4e2f5403871d00495a99f102,2026-08-16 22:05:11.000 UTC,2,19123,1.2,2.2948,1514.8,1,6,true,false,false,true,160
604,0x9c24097bf6d95001bec58ac352d337e175fec468,2026-08-16 22:05:11.000 UTC,2,19123,1.2,2.2948,1514.8,1,6,true,false,false,true,160
605,0x4bd8dbb336410be6ce4a1e8c1189a6eb86e4c3d4,2026-08-16 22:05:11.000 UTC,2,19123,1.2,2.2948,1514.8,1,6,true,false,false,true,160
606,0xaa12cf99472817f309327e10d09fe23db2dead03,2026-08-16 22:05:47.000 UTC,2,19119,1.2,2.2943,1514.7,1,5,true,false,false,true,160
607,0xa298de05e5ff35e0f80088a7c96b45f6fee891d7,2026-08-16 22:05:47.000 UTC,2,19119,1.2,2.2943,1514.7,1,5,true,false,false,true,160
608,0x9457455fd11413c02d83b780269a6e6357e234a7,2026-08-16 22:05:47.000 UTC,2,19119,1.2,2.2943,1514.7,1,5,true,false,false,true,160
609,0x402a2552329fbb794f011a22e76c71463a352dfd,2026-08-16 22:05:47.000 UTC,2,19119,1.2,2.2943,1514.7,1,5,true,false,false,true,160
610,0x96fb55ad2668b95e12688c08c9dfeb9af3b729fa,2026-08-16 22:05:47.000 UTC,2,19119,1.2,2.2943,1514.7,1,5,true,false,false,true,160
611,0x1096cb68e8b64328ce7c78fcfa1d730113333445,2026-08-16 22:06:23.000 UTC,2,19114,1.2,2.2937,1514.5,1,6,true,false,false,true,160
612,0x5c66c979c3085effe2384f97f8ab358ec0674817,2026-08-16 22:06:23.000 UTC,2,19114,1.2,2.2937,1514.5,1,6,true,false,false,true,160
613,0xbc241dc65c1a8a892f5e19fb1b69ceae57cfb2e7,2026-08-16 22:06:23.000 UTC,2,19114,1.2,2.2937,1514.5,1,6,true,false,false,true,160
614,0x6150ee472e2ce972ac3509a54d2627ab59450879,2026-08-16 22:06:23.000 UTC,2,19114,1.2,2.2937,1514.5,1,6,true,false,false,true,160
615,0x2c5ed7c83ffa4ce5c7c66a8392f5e92b14b3ad5e,2026-08-16 22:06:23.000 UTC,2,19114,0.59,1.1277,1061.9,1,6,true,false,false,true,5
616,0x926b224d6ae2de4280432e3533f5037e340d7a7d,2026-08-16 22:06:23.000 UTC,2,19114,1.2,2.2937,1514.5,1,6,true,false,false,true,160
617,0x1da6f3bc73ddba68e43d93b21b952394031480c8,2026-08-16 22:06:35.000 UTC,2,19113,1.025,1.9583,1399.4,2,1,false,false,false,false,1
618,0xc00754210cdba7d117a2440e2ed21f129a770c53,2026-08-16 22:06:47.000 UTC,2,19112,0.05,0.0956,309.1,1,1,false,false,true,true,55
619,0x4ab385e8c779888d7d1ac08efc14de465e7df62a,2026-08-16 22:06:59.000 UTC,2,19110,1.2,2.2932,1514.3,1,5,true,false,false,true,160
620,0x9680a9bebbd290ef96e0b514e69d37e04a9e718c,2026-08-16 22:06:59.000 UTC,2,19110,1.2,2.2932,1514.3,1,5,true,false,false,true,160
621,0xafa5594214a2684944bc03eb67e48f21240d6c40,2026-08-16 22:06:59.000 UTC,2,19110,1.2,2.2932,1514.3,1,5,true,false,false,true,160
622,0x7250568026fcc1a547b7d068faf13ac8af3395be,2026-08-16 22:06:59.000 UTC,2,19110,1.2,2.2932,1514.3,1,5,true,false,false,true,160
623,0x07202b78c7ac7ff46a7e624728a6902f91ded25f,2026-08-16 22:06:59.000 UTC,2,19110,1.2,2.2932,1514.3,1,5,true,false,false,true,160
624,0x13a883b0e23e14e40e138200cfa96ae49d017b25,2026-08-16 22:07:23.000 UTC,2,19107,1.2,2.2928,1514.2,1,5,true,false,false,true,160
625,0x47cfb6cc8a6059f881222711ae093d9edf10ed54,2026-08-16 22:07:23.000 UTC,2,19107,1.2,2.2928,1514.2,1,5,true,false,false,true,160
626,0x7fd2ff07bc7635ca04b1d0b19d0328157ce88589,2026-08-16 22:07:23.000 UTC,2,19107,1.2,2.2928,1514.2,1,5,true,false,false,true,160
627,0x72e21ee177c982af5c9f430dafc8f77adfabe4dc,2026-08-16 22:07:23.000 UTC,2,19107,1.2,2.2928,1514.2,1,5,true,false,false,true,160
628,0x612f6e6adf6344c03b6dae3bb07b624d1d2be176,2026-08-16 22:07:23.000 UTC,2,19107,1.2,2.2928,1514.2,1,5,true,false,false,true,160
629,0x8492edfe9ac5a49aa51b6a701aabcdec45ea0330,2026-08-16 22:07:35.000 UTC,2,19106,0.25,0.4772,690.8,3,1,false,false,false,true,5
630,0xb4d1605bed7813c398315fd03c2146ecee9f26d7,2026-08-16 22:07:47.000 UTC,2,19105,1.2,2.2926,1514.1,1,5,true,false,false,true,160
631,0x5870b58f5390793818d2b55bf7495c68fc0f418d,2026-08-16 22:07:47.000 UTC,2,19105,1.2,2.2926,1514.1,1,5,true,false,false,true,160
632,0x625c83f2d9b18b3647a48423cdaa3d53a5c83749,2026-08-16 22:07:47.000 UTC,2,19105,1.2,2.2926,1514.1,1,5,true,false,false,true,160
633,0x361dc30376a0ba7655274b84b988486d37eb0b08,2026-08-16 22:07:47.000 UTC,2,19105,1.2,2.2926,1514.1,1,5,true,false,false,true,160
634,0x3b3f56956878faa624cec4c89db273e793d1b2b5,2026-08-16 22:07:47.000 UTC,2,19105,1.2,2.2926,1514.1,1,5,true,false,false,true,160
635,0x77e2034c789cc82e01d21b320425fcb392d11b92,2026-08-16 22:08:11.000 UTC,2,19102,0.6,1.1461,1070.6,1,1,false,false,false,true,5
636,0xfa498ede26c9f0ff49cd315108215e7fe5a5a319,2026-08-16 22:08:23.000 UTC,2,19100,1.2,2.292,1513.9,1,5,true,false,false,true,160
637,0xd9c82c59729530bbe76a4cd26dcd577331a3ba87,2026-08-16 22:08:23.000 UTC,2,19100,1.2,2.292,1513.9,1,5,true,false,false,true,160
638,0xbec5794f5f60247aa121667f366fbc9b478fbaa5,2026-08-16 22:08:23.000 UTC,2,19100,1.2,2.292,1513.9,1,5,true,false,false,true,160
639,0x56c2fa50409eedc9615956737e9fd7ae4db52848,2026-08-16 22:08:23.000 UTC,2,19100,1.2,2.292,1513.9,1,5,true,false,false,true,160
640,0xac4de890dcc8f88163b7064caa82237b0a8db09d,2026-08-16 22:08:23.000 UTC,2,19100,1.2,2.292,1513.9,1,5,true,false,false,true,160
641,0x785050e6a4d8b238ae3bcc997d8232119a1c578f,2026-08-16 22:08:47.000 UTC,2,19098,1.2,2.2918,1513.9,1,5,true,false,false,true,160
642,0xf2d30050d9606c417138a9cf7dd418b6dffae85f,2026-08-16 22:08:47.000 UTC,2,19098,1.2,2.2918,1513.9,1,5,true,false,false,true,160
643,0x84b728797ea71a962b9c71cf9cab11d4a55ef1fc,2026-08-16 22:08:47.000 UTC,2,19098,1.2,2.2918,1513.9,1,5,true,false,false,true,160
644,0x1abe741801ad9e3ab0c731c61f3deed1516c8f91,2026-08-16 22:08:47.000 UTC,2,19098,1.2,2.2918,1513.9,1,5,true,false,false,true,160
645,0x4a93caa67f2e1ccc0e4c43c90dd09362ab4221c5,2026-08-16 22:08:47.000 UTC,2,19098,1.2,2.2918,1513.9,1,5,true,false,false,true,160
646,0x1c3a0ad54418fe843953c71df23637de732ce159,2026-08-16 22:08:59.000 UTC,2,19096,1,1.9096,1381.9,1,1,false,false,false,false,1
647,0x6feb74f149c54aac8209ea7962fe0774ec27350d,2026-08-16 22:09:11.000 UTC,2,19095,1.2,2.2914,1513.7,1,5,true,false,false,true,160
648,0x659f5f17b82846286ab1279e45bde892999f6f2b,2026-08-16 22:09:11.000 UTC,2,19095,1.2,2.2914,1513.7,1,5,true,false,false,true,160
649,0x60e025963a8c2ef6527a2357a00e1057a24dfa1f,2026-08-16 22:09:11.000 UTC,2,19095,1.2,2.2914,1513.7,1,5,true,false,false,true,160
650,0xdbf8c5f5342a1ca93c58ff44f6788af6ae070dda,2026-08-16 22:09:11.000 UTC,2,19095,1.2,2.2914,1513.7,1,5,true,false,false,true,160
651,0x82233d1058b380ce584a66951d40a02349ca5c82,2026-08-16 22:09:11.000 UTC,2,19095,1.2,2.2914,1513.7,1,5,true,false,false,true,160
652,0xe362377d7e194e98b37c28ba89a13fbaf2d501c1,2026-08-16 22:09:59.000 UTC,2,19089,1.2,2.2907,1513.5,1,5,true,false,false,true,160
653,0x7af95f4271253a1ea82e86910ce9036968f626f1,2026-08-16 22:09:59.000 UTC,2,19089,1.2,2.2907,1513.5,1,5,true,false,false,true,160
654,0xf4e3630222922568b6ba76e299afd4b5a2521eaa,2026-08-16 22:09:59.000 UTC,2,19089,1.2,2.2907,1513.5,1,5,true,false,false,true,160
655,0x0c2192af391760f0ba587319dcd01823f8649bee,2026-08-16 22:09:59.000 UTC,2,19089,1.2,2.2907,1513.5,1,5,true,false,false,true,160
656,0x3208266f51a16f4c74ebf38b27ca1764fb4ddfa5,2026-08-16 22:09:59.000 UTC,2,19089,1.2,2.2907,1513.5,1,5,true,false,false,true,160
657,0xf7b29db6ce1c80463f3773f843734796c1a05824,2026-08-16 22:10:11.000 UTC,2,19088,0.055,0.105,324,1,1,false,false,true,true,55
658,0x991a584f5a40d5834c2170adb23d740b16337c95,2026-08-16 22:10:35.000 UTC,2,19085,0.0543,0.1036,321.8,1,1,false,false,true,true,55
659,0x8f17cd312bf0dd8c912502da394c9fb32355fc01,2026-08-16 22:11:11.000 UTC,2,19081,1.2,2.2897,1513.2,1,5,true,false,false,true,160
660,0xf14a2cbf6e42adcaa5be976f12b0b72e1118c658,2026-08-16 22:11:11.000 UTC,2,19081,1.2,2.2897,1513.2,1,5,true,false,false,true,160
661,0x7029f70b17a9c8582f62d2dbbce2ccd93f0d2ffc,2026-08-16 22:11:11.000 UTC,2,19081,1.2,2.2897,1513.2,1,5,true,false,false,true,160
662,0x192934e712fe7b458d45cb81d1e1760a10ed3629,2026-08-16 22:11:11.000 UTC,2,19081,1.2,2.2897,1513.2,1,5,true,false,false,true,160
663,0x236e3aae2f8751d493b82b7d40665e16b61a42c5,2026-08-16 22:11:11.000 UTC,2,19081,1.2,2.2897,1513.2,1,5,true,false,false,true,160
664,0xea4d95450e23058ca123ba0b952313131afcdb46,2026-08-16 22:11:47.000 UTC,2,19077,0.05,0.0954,308.8,1,7,true,false,true,true,55
665,0x19850f105f0b9da799b1e9dafbd55c7b82687d3a,2026-08-16 22:11:47.000 UTC,2,19077,1.2,2.2892,1513,1,7,true,false,false,true,160
666,0x4a60d35cd93685b7daffbfce26e1ea61470f307c,2026-08-16 22:11:47.000 UTC,2,19077,1.2,2.2892,1513,1,7,true,false,false,true,160
667,0x1155aeef2b0db207114a069b40cb39cdd3432406,2026-08-16 22:11:47.000 UTC,2,19077,1.2,2.2892,1513,1,7,true,false,false,true,160
668,0xbca418fe06103634a8ae60e81d8d9f996d90269f,2026-08-16 22:11:47.000 UTC,2,19077,1.2,2.2892,1513,1,7,true,false,false,true,160
669,0x77b783eaea2da8389f141fbd6cecef03848ce64c,2026-08-16 22:11:47.000 UTC,2,19077,0.65,1.2392,1113.2,7,7,true,false,false,false,1
670,0xfb9282cd5cf3096600ac2df0ee75645abecd4a78,2026-08-16 22:11:47.000 UTC,2,19077,1.2,2.2892,1513,1,7,true,false,false,true,160
671,0x8e2e2f6e7a94f0d1900908abb5e301ca52f0031b,2026-08-16 22:12:23.000 UTC,2,19073,1.2,2.2888,1512.9,1,5,true,false,false,true,160
672,0x334dc5adc7046411dae385c18c91aab56add757d,2026-08-16 22:12:23.000 UTC,2,19073,1.2,2.2888,1512.9,1,5,true,false,false,true,160
673,0x09eb33a6efe70c841ee7846e13b5629ab8c4a907,2026-08-16 22:12:23.000 UTC,2,19073,1.2,2.2888,1512.9,1,5,true,false,false,true,160
674,0x3fc164a5716705df386a00a7a2e46e4327406621,2026-08-16 22:12:23.000 UTC,2,19073,1.2,2.2888,1512.9,1,5,true,false,false,true,160
675,0xcbe60c0186b179221fe9b6a5979a0f98f21b7fd4,2026-08-16 22:12:23.000 UTC,2,19073,1.2,2.2888,1512.9,1,5,true,false,false,true,160
676,0xdd33141cdf12bb642939410efe5b675aee39e6e9,2026-08-16 22:12:59.000 UTC,2,19069,1.2,2.2883,1512.7,1,6,true,false,false,true,160
677,0x0769b9debd42c23c8761f28a843e03c3aa6720f7,2026-08-16 22:12:59.000 UTC,2,19069,1.2,2.2883,1512.7,1,6,true,false,false,true,160
678,0x7763286935ee815f7e3ae71bfefa396910295d4f,2026-08-16 22:12:59.000 UTC,2,19069,1.2,2.2883,1512.7,1,6,true,false,false,true,160
679,0x474c870b7c2c8a9a5e9f67fa9c874539e93b5cf2,2026-08-16 22:12:59.000 UTC,2,19069,1.2,2.2883,1512.7,1,6,true,false,false,true,160
680,0x01be5c66d34feb051af1364ca679d68a9cc2dd13,2026-08-16 22:12:59.000 UTC,2,19069,0.05,0.0953,308.8,1,6,true,false,true,true,55
681,0xecc7d8d6dadd07a8265ca6c7b8e89b8819ed046b,2026-08-16 22:12:59.000 UTC,2,19069,1.2,2.2883,1512.7,1,6,true,false,false,true,160
682,0xe06c2b1289f8d543435c0c4017ee8bfcfc22e41d,2026-08-16 22:13:23.000 UTC,2,19066,0.051,0.0972,311.8,1,1,false,false,true,true,55
683,0x8b6d5cb47f95da700522f0865c7e5342c2571190,2026-08-16 22:13:35.000 UTC,2,19064,1.2,2.2877,1512.5,1,6,true,false,false,true,160
684,0xf92702d82db4698e10563a49fb522b5833ded151,2026-08-16 22:13:35.000 UTC,2,19064,1.2,2.2877,1512.5,1,6,true,false,false,true,160
685,0x9655ab8b85d65cbe2db13cb9470b4afd4b194976,2026-08-16 22:13:35.000 UTC,2,19064,1.2,2.2877,1512.5,1,6,true,false,false,true,160
686,0x5efeaf8076881955bcb284d79225ef0120390844,2026-08-16 22:13:35.000 UTC,2,19064,1.75,3.329,1824.5,18,6,true,false,false,false,1
687,0x5ebb7f3cefcf1bf10a531933cf1c4bd50cc31ff5,2026-08-16 22:13:35.000 UTC,2,19064,1.2,2.2877,1512.5,1,6,true,false,false,true,160
688,0x5150ba92872506a560f1d9db644113aad20249c1,2026-08-16 22:13:35.000 UTC,2,19064,1.2,2.2877,1512.5,1,6,true,false,false,true,160
689,0x919e3638e799f52fb46b5de7a5829971d7eb75e2,2026-08-16 22:13:59.000 UTC,2,19062,1.2,2.2874,1512.4,1,5,true,false,false,true,160
690,0x465a6ce6c5fb24c083207fec5e8916477806f67b,2026-08-16 22:13:59.000 UTC,2,19062,1.2,2.2874,1512.4,1,5,true,false,false,true,160
691,0x83f7aa0ec129bf8d694ac74339aba3439054aefa,2026-08-16 22:13:59.000 UTC,2,19062,1.2,2.2874,1512.4,1,5,true,false,false,true,160
692,0x5cdf0b7ab3fcd1223a0307d8ab8807bf884c7985,2026-08-16 22:13:59.000 UTC,2,19062,1.2,2.2874,1512.4,1,5,true,false,false,true,160
693,0x290f80134ce39f9fd4504ff9366b485829090987,2026-08-16 22:13:59.000 UTC,2,19062,1.2,2.2874,1512.4,1,5,true,false,false,true,160
694,0x5a218969b422217970bc340bfd70b4a1e5b4e896,2026-08-16 22:14:35.000 UTC,2,19057,2,3.1075,1762.8,3,6,true,false,false,false,1
695,0xa88046fa35b60aef8637880f020869da50525673,2026-08-16 22:14:35.000 UTC,2,19057,1.2,2.2868,1512.2,1,6,true,false,false,true,160
696,0x6d9cd04a0ff5acb6417ca30a5341aff9fa2fcde9,2026-08-16 22:14:35.000 UTC,2,19057,1.2,2.2868,1512.2,1,6,true,false,false,true,160
697,0xd6d99d203d0aeda81838df45d274d3e78a22bec5,2026-08-16 22:14:35.000 UTC,2,19057,1.2,2.2868,1512.2,1,6,true,false,false,true,160
698,0xf9cfd4c85c03970da1011a0a972ec0c682e1d57d,2026-08-16 22:14:35.000 UTC,2,19057,1.2,2.2868,1512.2,1,6,true,false,false,true,160
699,0x86e0582c592823daa0ae923a8958ee5120bad887,2026-08-16 22:14:35.000 UTC,2,19057,1.2,2.2868,1512.2,1,6,true,false,false,true,160
700,0xe9c9a7b3385796d48ef90cd8d6a31d2b18aaa284,2026-08-16 22:14:59.000 UTC,2,19055,0.051,0.0972,311.7,1,1,false,false,true,true,55
701,0x89a32d1dd890552d20cf75b532b900fc8ab34b85,2026-08-16 22:15:23.000 UTC,2,19052,1.2,2.2862,1512,1,3,false,false,false,true,160
702,0x568ecbb892778779b7925fa96d9607475ab2799f,2026-08-16 22:15:23.000 UTC,2,19052,1.2,2.2862,1512,1,3,false,false,false,true,160
703,0xee0d084777f9052041a0c885e65a4fc48b8e281b,2026-08-16 22:15:23.000 UTC,2,19052,1.2,2.2862,1512,1,3,false,false,false,true,160
704,0x9fe670ccd3a7a9f8152c1b090f8097f6fa1e5e03,2026-08-16 22:15:35.000 UTC,2,19050,0.06,0.1143,338.1,1,1,false,false,true,true,55
705,0x52cc9dad5071371939566b9282b3895762d5751d,2026-08-16 22:16:11.000 UTC,2,19046,0.15,0.2652,515,2,1,false,false,false,false,1
706,0xcb017d2ff06490c1714fb425ff4e326c9a54630f,2026-08-16 22:16:47.000 UTC,2,19042,0.155,0.2941,542.3,2,1,false,false,false,false,1
707,0x866e61757d9652cbbfdb68943b61bcd6f5546202,2026-08-16 22:17:23.000 UTC,2,19038,0.05,0.0952,308.5,1,1,false,false,true,true,55
708,0xdcaeee56e174c6f9d2d4c10dda59f5cb1df57d7f,2026-08-16 22:18:23.000 UTC,2,19031,0.05,0.0952,308.5,1,1,false,false,true,true,55
709,0xeb0892dcf09106d9f643eff8a3a4d88f6f97d425,2026-08-16 22:18:35.000 UTC,2,19030,0.051,0.0971,311.5,1,2,false,false,true,true,55
710,0x66b224070f0d851664a28cd10e3f838c2e57effd,2026-08-16 22:18:35.000 UTC,2,19030,0.053,0.1009,317.6,1,2,false,false,true,true,55
711,0x4d9feb46d3f7a2c05f57e3bfac56f7675452ee16,2026-08-16 22:19:11.000 UTC,2,19025,0.0534,0.1016,318.7,1,2,false,false,true,true,55
712,0x7a44f6c9078f71b2b70c03a94d02bdb96c5037fb,2026-08-16 22:19:11.000 UTC,2,19025,0.052,0.0989,314.5,1,2,false,false,true,true,55
713,0x619a4633452e62a01a9d744d26caaac671b579b3,2026-08-16 22:19:23.000 UTC,2,19024,0.056,0.1065,326.4,1,1,false,false,true,true,55
714,0x554ff71952ca45d1260ab3436bfc13360fd61ee7,2026-08-16 22:19:59.000 UTC,2,19020,11.61,21.6738,4655.5,3,1,false,false,false,false,1
715,0x097d2e56912f80e5a3e4c87d72f0bc38ca991cd5,2026-08-16 22:20:11.000 UTC,2,19019,0.05,0.0951,308.4,1,1,false,false,true,true,55
716,0xd2f1082f26324ba7b0cd4b9747ad4541c0389b9a,2026-08-16 22:20:35.000 UTC,2,19016,0.05,0.0951,308.4,1,1,false,false,true,true,55
717,0x55ea150e9e8646500f8f9b894eb8f935bb630a92,2026-08-16 22:20:47.000 UTC,2,19014,0.05,0.0951,308.3,1,1,false,false,true,true,55
718,0xd248d6aae2452cf533f8eb7a8202de6a5b17b777,2026-08-16 22:20:59.000 UTC,2,19013,0.051,0.097,311.4,1,1,false,false,true,true,55
719,0x5fa5d55f11ba187d4c318b21a2c1b67714b5a9e4,2026-08-16 22:21:11.000 UTC,2,19012,12,21.7268,4661.2,3,1,false,false,false,false,1
720,0x68c1403723dd2fea01eb9b58afe79388c8db2aaf,2026-08-16 22:21:47.000 UTC,2,19007,1.6,3.0362,1742.5,4,1,false,false,false,false,1
721,0x1522c627472ce025df05d9630fa51779683ba698,2026-08-16 22:22:11.000 UTC,2,19005,1.11,2.1096,1452.4,1,2,false,false,false,false,1
722,0x249722c1eaab52d8401ae407b29d5f16dfbb26c3,2026-08-16 22:22:11.000 UTC,2,19005,0.051,0.0969,311.3,1,2,false,false,true,true,55
723,0x3e2e77a3501f2aec2639ac314046686ab595cdf3,2026-08-16 22:22:35.000 UTC,2,19002,6.0137,11.3898,3374.9,2,1,false,false,false,false,1
724,0x1c0429fafd0cfb360c6e8a36cfb8e1fc7c2bc362,2026-08-16 22:22:59.000 UTC,2,18999,19,36.0431,6003.6,19,1,false,false,false,false,1
725,0xa713ac8571ebe26e8f3de0eaedaedb7629814505,2026-08-16 22:23:47.000 UTC,2,18994,0.055,0.1045,323.2,1,3,false,false,true,true,55
726,0x4a4f220c15580887225bd640525971f2d53cdd3c,2026-08-16 22:23:47.000 UTC,2,18994,0.06,0.114,337.6,1,3,false,false,true,true,55
727,0x67708ab7f1ec2b6d1bcb47a03d67d2c995380b6b,2026-08-16 22:23:47.000 UTC,2,18994,0.05,0.095,308.2,1,3,false,false,true,true,55
728,0x199c69ecd9e8568bf1fd2a5cde4e672eaff2d2c9,2026-08-16 22:24:35.000 UTC,2,18988,0.051,0.0968,311.2,1,1,false,false,true,true,55
729,0x4adcb504520f1046c082484d9fd357ec6834dd48,2026-08-16 22:25:47.000 UTC,2,18980,0.05,0.0949,308.1,1,1,false,false,true,true,55
730,0x74654241178f4498d382b01a1315f68d4b9b19c2,2026-08-16 22:25:59.000 UTC,2,18978,0.2,0.3794,615.9,2,1,false,false,false,false,1
731,0x58ff49780a2b341bcd84d5c2fdb2bc7a26368d5e,2026-08-16 22:26:23.000 UTC,2,18975,0.59,1.1195,1058.1,1,1,false,false,false,true,5
732,0x40e9049a6e7030a7090f43c33593f0b02ce00c39,2026-08-16 22:26:59.000 UTC,2,18971,0.5714,1.0703,1034.6,4,2,false,false,false,false,1
733,0xb176610b96ffbb4dbea41508916566dd18f11725,2026-08-16 22:26:59.000 UTC,2,18971,0.8,1.4636,1209.8,2,2,false,false,false,false,1
734,0xac5d22b530dff2bfddb0a5e0fdda5a3370419db2,2026-08-16 22:27:11.000 UTC,2,18970,1.32,2.042,1429,5,1,false,false,false,false,1
735,0x877db42dc8044a43d6c117eb020a2ebe165bac81,2026-08-16 22:27:23.000 UTC,2,18969,0.051,0.0967,311,1,3,false,false,true,true,55
736,0xaab60fcae970da078a18e165d0e6f9f570731a14,2026-08-16 22:27:23.000 UTC,2,18969,70,132.783,11523.2,1,3,false,false,false,false,1
737,0x7510396ad67e149808964722fd8fcf8cc82adc85,2026-08-16 22:27:23.000 UTC,2,18969,0.0508,0.0964,310.4,1,3,false,false,true,true,55
738,0x1c948c0c23cafba26b8f71f379a13c616ef6190d,2026-08-16 22:27:59.000 UTC,2,18964,0.05,0.0948,307.9,1,3,false,false,true,true,55
739,0xe28601398a5448d1147e6e8b0e0c6d686f0d216d,2026-08-16 22:27:59.000 UTC,2,18964,71.7,134.8079,11610.7,8,3,false,false,false,false,1
740,0x56f13e337fa06538b82fe28d917c29730e1d0869,2026-08-16 22:27:59.000 UTC,2,18964,0.99,1.8774,1370.2,1,3,false,false,false,false,1
741,0xa37ee951bfa0f41c08d09a05b9f9e06d0e2ae613,2026-08-16 22:28:23.000 UTC,2,18962,0.42,0.7964,892.4,1,1,false,false,false,false,1
742,0x9460ad158426317dcd0ce502d0c93ae8c1955d74,2026-08-16 22:28:35.000 UTC,2,18960,0.125,0.237,486.8,1,1,false,false,false,false,1
743,0xb486eb4c57d9ec892d65408a6206becd7d8f0957,2026-08-16 22:28:59.000 UTC,2,18957,0.05,0.0948,307.9,1,2,false,false,true,true,55
744,0xc6ed481324ca7583decc54a8c97986a67658d722,2026-08-16 22:28:59.000 UTC,2,18957,0.25,0.4735,688.1,3,2,false,false,false,true,5
745,0x4120ae64e0091a0f60f9062c1b7db9991b9f1e5f,2026-08-16 22:29:59.000 UTC,2,18950,0.15,0.281,530.1,2,1,false,false,false,false,1
746,0x72f02154b3cd7326db767868dc06e4cede699706,2026-08-16 22:30:35.000 UTC,2,18946,70,132.622,11516.2,1,2,false,false,false,false,1
747,0x934575325b36314b6f8ba6beb86008cd35fe0492,2026-08-16 22:30:35.000 UTC,2,18946,0.68,1.2883,1135,1,2,false,false,false,false,1
748,0x07b60d2c4ac54c45ee2e2b97102d04a70bd6ed66,2026-08-16 22:31:23.000 UTC,2,18941,0.0509,0.0964,310.5,1,1,false,false,true,true,55
749,0x6d577e92188966e7a012c68a1a102c8f51023c7c,2026-08-16 22:32:35.000 UTC,2,18932,30,56.796,7536.3,1,3,false,false,false,false,1
750,0x143901b969a564fa91aa3a79683832653b62c786,2026-08-16 22:32:35.000 UTC,2,18932,0.42,0.7951,891.7,1,3,false,false,false,false,1
751,0x64159156f53ea0f291a031d258308660907d26ff,2026-08-16 22:32:35.000 UTC,2,18932,0.07,0.1325,364,1,3,false,false,true,true,55
752,0x57556e130164692133bb02f4bb39b99995c1f296,2026-08-16 22:33:59.000 UTC,2,18923,0.42,0.7948,891.5,1,1,false,false,false,false,1
753,0x7d19ff4f15e11dbe8179a40b7b725d7a22af01d2,2026-08-16 22:34:11.000 UTC,2,18921,70,132.447,11508.6,1,1,false,false,false,false,1
754,0x1cd1cfeb0c9acf4e31060f3f1e50bf3fd73c43d0,2026-08-16 22:34:23.000 UTC,2,18920,0.055,0.1041,322.6,1,1,false,false,true,true,55
755,0x13c41375e49017c243f5200fba356f62b0214fa6,2026-08-16 22:34:59.000 UTC,2,18916,30,56.748,7533.1,1,1,false,false,false,false,1
756,0x371903abb32f5f69b536b77495e92adedfea25da,2026-08-16 22:36:11.000 UTC,2,18907,2.3,4.3446,2084.4,4,1,false,false,false,false,1
757,0x61d345347acae0b8fe185ca6ec01857da8c23b7e,2026-08-16 22:36:47.000 UTC,2,18903,70,132.321,11503.1,1,2,false,false,false,false,1
758,0x5ae8f4d6a59ed55af3d338576384a6662b6ffb45,2026-08-16 22:36:47.000 UTC,2,18903,0.05,0.0945,307.4,1,2,false,false,true,true,55
759,0x3db2f398ac10d780ffaf623f4db5a3a3e6c6059a,2026-08-16 22:37:11.000 UTC,2,18900,30,56.7,7529.9,1,1,false,false,false,false,1
760,0x631f18e4192846574b05246f7349ba6b1e70a016,2026-08-16 22:38:35.000 UTC,2,18891,50,94.275,9709.5,3,1,false,false,false,false,1
761,0xe02599474556684e9cb7aace23af278e20ed24d6,2026-08-16 22:39:11.000 UTC,2,18887,0.05,0.0944,307.3,1,1,false,false,true,true,55
762,0x0e2d1bd8cc8beb8ea7df36d6b41ce2063a1bfe73,2026-08-16 22:39:35.000 UTC,2,18884,1.35,2.5446,1595.2,14,1,false,false,false,false,1
763,0xeb08c7c00765e5bd51919c3d6bc8094ae6a80ac7,2026-08-16 22:39:47.000 UTC,2,18882,70,132.174,11496.7,1,1,false,false,false,false,1
764,0x4058a59352a54bcd4b05e903c15aafa75853ff1b,2026-08-16 22:40:11.000 UTC,2,18880,0.16,0.2946,542.8,2,3,false,false,false,false,1
765,0xc9759f5d45043ef8dba57ae97c358db56ece51de,2026-08-16 22:40:11.000 UTC,2,18880,30,56.64,7526,1,3,false,false,false,false,1
766,0xce855642a6b5f26cc0866ff07d6e4354a7f16438,2026-08-16 22:40:11.000 UTC,2,18880,0.052,0.0982,313.3,1,3,false,false,true,true,55
767,0xe463b750c0d09ee2d9f8c84cbea21918ed50f9c5,2026-08-16 22:40:35.000 UTC,2,18877,0.111,0.2095,457.7,1,1,false,false,false,false,1
768,0xe66ed27ca8fc7ce2d5b7e93469d1ce54a652135f,2026-08-16 22:41:23.000 UTC,2,18871,70,132.097,11493.3,1,1,false,false,false,false,1
769,0x9b3f6dfa9582f2374ea9b7e38c183a43a99f6546,2026-08-16 22:41:35.000 UTC,2,18870,0.054,0.1019,319.2,1,2,false,false,true,true,55
770,0x21c1aca9a9745d7da7c45903012a98dd3aa5788c,2026-08-16 22:41:35.000 UTC,2,18870,1,1.887,1373.7,1,2,false,false,false,false,1
771,0xa86aa15c32b7d4ee4e30558f80bc45d7cbe5a0ab,2026-08-16 22:41:47.000 UTC,2,18869,0.25,0.4715,686.6,3,1,false,false,false,true,5
772,0x7d0a62fb1ed5747432f22da2811a940903eca2f1,2026-08-16 22:41:59.000 UTC,2,18867,1,1.8867,1373.6,1,1,false,false,false,false,1
773,0xf563706ab65227b64859b513ff0e5eec123530e8,2026-08-16 22:42:23.000 UTC,2,18864,0.055,0.1038,322.1,1,3,false,false,true,true,55
774,0x1b197fc3c461341e10c146e6b8a0958162e8a849,2026-08-16 22:42:23.000 UTC,2,18864,30,56.592,7522.8,1,3,false,false,false,false,1
775,0x853afddb78723bb1de2a716021e27d8328d23004,2026-08-16 22:42:23.000 UTC,2,18864,0.1,0.1886,434.3,1,3,false,false,false,false,1
776,0x4edc23bff05bd48e6d9c452454643058871ddd92,2026-08-16 22:42:35.000 UTC,2,18863,70,132.041,11490.9,1,1,false,false,false,false,1
777,0x59cc7c877d10a9d9f6660c1a487218523a77d387,2026-08-16 22:42:47.000 UTC,2,18862,2.5,4.6906,2165.8,12,1,false,false,false,false,1
778,0xec34ea3a762b9a8feb69448dbfedac3e624e8c5c,2026-08-16 22:43:35.000 UTC,2,18856,70,131.992,11488.8,1,1,false,false,false,false,1
779,0x631ddad240268e880fbe6705f5505ba921ac8032,2026-08-16 22:44:23.000 UTC,2,18850,0.5,0.9425,970.8,1,1,false,false,false,false,1
780,0x676cf2ffe20fafddc7d8fa290bfa724808a194a1,2026-08-16 22:45:11.000 UTC,2,18845,0.5,0.9423,970.7,1,2,false,false,false,false,1
781,0x0e80f2e5bf7abd0d2781f95b1d46fb1ecbbb8d80,2026-08-16 22:45:11.000 UTC,2,18845,30,56.535,7519,1,2,false,false,false,false,1
782,0x50c24fa9423a996971ff8778778e767028ccd905,2026-08-16 22:45:35.000 UTC,2,18842,6.5015,12.195,3492.1,2,1,false,false,false,false,1
783,0x5de8b00d3595f7b974278d466398c29dc58728bb,2026-08-16 22:45:47.000 UTC,2,18841,0.05,0.0942,306.9,1,1,false,false,true,true,55
784,0xc49b8bc5caa6b961adcd492f447aab25328fda6f,2026-08-16 22:45:59.000 UTC,2,18839,70,131.873,11483.6,1,1,false,false,false,false,1
785,0x2825cdb4a71ac7942da889f1ff72d536a8209343,2026-08-16 22:47:35.000 UTC,2,18828,1.1,2.0594,1435.1,2,3,false,false,false,false,1
786,0x2294326467f9a7336878c492f15b29fa06bf46ad,2026-08-16 22:47:35.000 UTC,2,18828,6.227,11.7221,3423.8,2,3,false,false,false,false,1
787,0xd34d59682ee9e280fe2f9691c58f5e4ca04820ee,2026-08-16 22:47:35.000 UTC,2,18828,0.051,0.096,309.9,1,3,false,false,true,true,55
788,0xc3b1c9600a35b2acf8d4ea9a59cbb5e70a5e9c9d,2026-08-16 22:47:47.000 UTC,2,18827,0.25,0.469,684.8,3,1,false,false,false,true,5
789,0xce98b9c50a16ac2868448dcb9a6a4a77ae2b9037,2026-08-16 22:48:23.000 UTC,2,18823,0.05,0.0941,306.8,1,3,false,false,true,true,55
790,0xc618b905f7b41c7d53c23474322d7d3297730419,2026-08-16 22:48:23.000 UTC,2,18823,2.0069,3.7776,1943.6,1,3,false,false,false,false,1
791,0x63a36fefb36fb0484a15994d755e843c6f7fe783,2026-08-16 22:48:23.000 UTC,2,18823,0.1,0.1882,433.9,1,3,false,false,false,false,1
792,0xee768fbd287a5e7e40c46cf01dc6c4848bc21d6f,2026-08-16 22:48:59.000 UTC,2,18819,70,131.733,11477.5,1,1,false,false,false,false,1
793,0x851a227399bb7a64e9999bc94c9218cd828181d7,2026-08-16 22:49:59.000 UTC,2,18812,70,131.684,11475.4,1,2,false,false,false,false,1
794,0x4dd8198aede9b4a81af33e520d646e92759ee463,2026-08-16 22:49:59.000 UTC,2,18812,0.0509,0.0958,309.4,1,2,false,false,true,true,55
795,0x9533ac559b64918ee8828c4be5c9a2dbb0e7afc5,2026-08-16 22:50:35.000 UTC,2,18807,0.052,0.0978,312.7,1,1,false,false,true,true,55
796,0x4870fb30b6e303d7a2448e18bb0547ef5e677174,2026-08-16 22:51:59.000 UTC,2,18798,0.05,0.094,306.6,1,1,false,false,true,true,55
797,0xc717f7ac1550d0aa2b0319ba3f39499cf2cc618a,2026-08-16 22:52:23.000 UTC,2,18795,1.34,2.5131,1585.3,8,1,false,false,false,false,1
798,0x75b7bd8e5b77fad888da3e3061b8a1a0636ca5af,2026-08-16 22:52:59.000 UTC,2,18791,0.05,0.094,306.5,1,1,false,false,true,true,55
799,0xd6a1ed69b2bd8947ef3838a78d57cd123be293b2,2026-08-16 22:54:11.000 UTC,2,18782,0.62,1.1645,1079.1,1,1,false,false,false,false,1
800,0xeb6b16b0dee9785c60ba629adaefce42b677cd86,2026-08-16 22:54:35.000 UTC,2,18780,18.8,35.3021,5941.6,10,1,false,false,false,false,1
801,0xaaa8450a8fb296b21f4ebe27598b40a750fe3ad5,2026-08-16 22:55:47.000 UTC,2,18771,0.051,0.0957,309.4,1,1,false,false,true,true,55
802,0xd2f2df46b78b39a51b89e00e1354873a0072baf2,2026-08-16 22:56:23.000 UTC,2,18767,0.05,0.0938,306.3,1,1,false,false,true,true,55
803,0x9b20b150e873f079187c1510ba554f267f809471,2026-08-16 22:56:35.000 UTC,2,18766,0.05,0.0938,306.3,1,1,false,false,true,true,55
804,0x77905428ecb1ac5d0ef216e3c0c1f991e1c4b193,2026-08-16 22:56:59.000 UTC,2,18763,1.2254,2.2993,1516.3,1,11,true,false,false,true,160
805,0xe9061b69e72efd36efac794f0d4db3e17327aae8,2026-08-16 22:56:59.000 UTC,2,18763,0.65,1.2174,1103.3,7,11,true,false,false,false,1
806,0x97f39f1c771fd3d80272a43753ea7a49bef19e68,2026-08-16 22:56:59.000 UTC,2,18763,1.2173,2.284,1511.3,1,11,true,false,false,true,160
807,0xfa628b7d00e338899c83e9b5797f945d8ba58b3e,2026-08-16 22:56:59.000 UTC,2,18763,1.1969,2.2458,1498.6,1,11,true,false,false,false,1
808,0x9eecd456815e597b781f2cc3162dba4ae42c82a4,2026-08-16 22:56:59.000 UTC,2,18763,1.2124,2.2749,1508.3,1,11,true,false,false,true,160
809,0x586efbf9c438232e0d157890b57b1daefcea45da,2026-08-16 22:56:59.000 UTC,2,18763,1.2021,2.2555,1501.8,1,11,true,false,false,true,160
810,0x5199bfd0efff06ec10d8b05a0ba8ac141be8ef40,2026-08-16 22:56:59.000 UTC,2,18763,1.224,2.2967,1515.5,1,11,true,false,false,true,160
811,0x96256ea7ab3a943f41458d1e02676153d6c81f62,2026-08-16 22:56:59.000 UTC,2,18763,1.2083,2.2672,1505.7,1,11,true,false,false,true,160
812,0xf1ef8cc2b12e920c1c1b36d38a4bb50f48e4a6a0,2026-08-16 22:56:59.000 UTC,2,18763,1.1876,2.2283,1492.7,1,11,true,false,false,false,1
813,0x6e3b79992705fb88a24296b7a9873967479a27e8,2026-08-16 22:56:59.000 UTC,2,18763,1.1988,2.2493,1499.8,1,11,true,false,false,false,1
814,0xedbde20bb69735fc09b1b9ee26fcb3cea3a54e39,2026-08-16 22:56:59.000 UTC,2,18763,1.2088,2.268,1506,1,11,true,false,false,true,160
815,0xb37effe9b0ec437e33d25fc72d411e85e7805eb7,2026-08-16 22:57:23.000 UTC,2,18760,1.63,3.0579,1748.7,1,1,false,false,false,false,1
816,0xd982e3586cc6ac74bb8fc1237a834a9f4fb14211,2026-08-16 22:58:11.000 UTC,2,18755,0.051,0.0957,309.3,1,1,false,false,true,true,55
817,0xd082d43f14145710fc7ed3d28b68d2dcc93ce9c8,2026-08-16 22:58:47.000 UTC,3,18750,1.1809,2.2142,1488,1,10,true,false,false,true,65
818,0x1c9e89790772451e56bfa0c884bb9299da75ac72,2026-08-16 22:58:47.000 UTC,3,18750,1.1775,2.2079,1485.9,1,10,true,false,false,true,65
819,0x1cdce382c29dac9eb80f1795ed46177298e90ab6,2026-08-16 22:58:47.000 UTC,3,18750,1.2132,2.2748,1508.2,1,10,true,false,false,true,75
820,0xff3ed20e2c9ad5a8d64242e4ddd65e8c2f0be5df,2026-08-16 22:58:47.000 UTC,3,18750,1.201,2.2519,1500.6,1,10,true,false,false,true,75
821,0x5a854676e67f946f298f683e3f4d7dd41310a2be,2026-08-16 22:58:47.000 UTC,3,18750,1.2014,2.2525,1500.8,1,10,true,false,false,true,75
822,0x14bc2b883c1b113a9813f6427c21371536aa979b,2026-08-16 22:58:47.000 UTC,3,18750,1.2078,2.2646,1504.9,1,10,true,false,false,true,75
823,0x4b92a7c5ec776ab69e1f348ed07917b007891b64,2026-08-16 22:58:47.000 UTC,3,18750,1.1817,2.2156,1488.5,1,10,true,false,false,true,65
824,0x99a217b5f07c61d711136b6856c9131b98ae51b1,2026-08-16 22:58:47.000 UTC,3,18750,1.2153,2.2787,1509.5,1,10,true,false,false,true,75
825,0x36f868948ee172dbff00aa82035eeba596780985,2026-08-16 22:58:47.000 UTC,3,18750,1.2282,2.303,1517.6,1,10,true,false,false,true,75
826,0x58942d2a9b008b27d043e1545d8b5f431d7b0087,2026-08-16 22:58:47.000 UTC,3,18750,1.1994,2.2488,1499.6,1,10,true,false,false,true,65
827,0x6caa4c53cbe612dbc00b887a6e84b0e8bc771830,2026-08-16 22:58:59.000 UTC,3,18749,70,131.243,11456.1,1,2,false,false,false,false,1
828,0x1db3c6a2ea9fd77e533564f1834b30a382d6a924,2026-08-16 22:58:59.000 UTC,3,18749,0.05,0.0937,306.2,1,2,false,false,true,true,15
829,0x7ea5f3378defc303cd94c37824d604f347d176e9,2026-08-16 22:59:11.000 UTC,3,18748,0.052,0.0975,312.2,1,1,false,false,true,true,15
830,0x0b24dc8537340dcf4ff89f522f32ceb6395ef396,2026-08-16 22:59:35.000 UTC,3,18745,0.3,0.5624,749.9,1,2,false,false,false,false,1
831,0xa02969462a47298bc8f6ccfb44ebc0c662a712e6,2026-08-16 22:59:35.000 UTC,3,18745,0.05,0.0937,306.1,1,2,false,false,true,true,15
832,0x1f9b3d6238d0175c270b2f66964df4d13f57d695,2026-08-16 23:00:23.000 UTC,3,18739,1.2021,2.2525,1500.8,1,10,true,false,false,true,75
833,0x9027606215d4b9391c6a64a2413ab653a7fcf697,2026-08-16 23:00:23.000 UTC,3,18739,1.227,2.2993,1516.4,1,10,true,false,false,true,75
834,0xd2113fd62ebf1e0c72e5a546bd3af13d0a17061e,2026-08-16 23:00:23.000 UTC,3,18739,1.2224,2.2907,1513.5,1,10,true,false,false,true,75
835,0xb8d01016d5bfe4bb530b6b2b8b0b6e698f93d1e8,2026-08-16 23:00:23.000 UTC,3,18739,1.2174,2.2813,1510.4,1,10,true,false,false,true,75
836,0x120256d483d7f4cc20b66c20c1da2707c169337a,2026-08-16 23:00:23.000 UTC,3,18739,1.1732,2.1985,1482.7,1,10,true,false,false,true,65
837,0x593ba460e331600913559dbc1397880ccb4a1103,2026-08-16 23:00:23.000 UTC,3,18739,1.2247,2.295,1514.9,1,10,true,false,false,true,75
838,0xe9ed466e1b7d4e85817d58731331f8b9c4a0e431,2026-08-16 23:00:23.000 UTC,3,18739,1.2284,2.3018,1517.2,1,10,true,false,false,true,75
839,0xdaad1888588e5c6d1c171abe47a519be3088898b,2026-08-16 23:00:23.000 UTC,3,18739,1.1756,2.2029,1484.2,1,10,true,false,false,true,65
840,0xa446d3aaed57ed053f10fbfcbd3d4bd70a87c6f0,2026-08-16 23:00:23.000 UTC,3,18739,1.1949,2.2391,1496.3,1,10,true,false,false,true,65
841,0x51cc145c4cf6ae20b31480f557bf530968c41766,2026-08-16 23:00:23.000 UTC,3,18739,1.2292,2.3034,1517.7,1,10,true,false,false,true,75
842,0xc0ee97b241c6131121037f42beed8b530e81f297,2026-08-16 23:00:59.000 UTC,3,18735,1.1972,2.243,1497.7,1,11,true,false,false,true,65
843,0x2c221a75df0c3949a1b4598dfef881cc5a4cfe5a,2026-08-16 23:00:59.000 UTC,3,18735,1.1962,2.2412,1497,1,11,true,false,false,true,65
844,0x6e584cbff5635b83b774e42946df9725fef3fedf,2026-08-16 23:00:59.000 UTC,3,18735,1.1728,2.1973,1482.3,1,11,true,false,false,true,65
845,0x4ec19c6cdde06cdaf779c8eaceb192e3436af7ef,2026-08-16 23:00:59.000 UTC,3,18735,1.1788,2.2084,1486.1,1,11,true,false,false,true,65
846,0xd864de17d5963073ee9612cf38929ca7b88535a9,2026-08-16 23:00:59.000 UTC,3,18735,1.1832,2.2167,1488.9,1,11,true,false,false,true,65
847,0xb85ecce246f6a56801e3e3f4eef42f5f43ebd58d,2026-08-16 23:00:59.000 UTC,3,18735,1.2125,2.2717,1507.2,1,11,true,false,false,true,75
848,0x9298d5a2b588a71f52877773a0d7e7fc23b27878,2026-08-16 23:00:59.000 UTC,3,18735,1.226,2.2969,1515.5,1,11,true,false,false,true,75
849,0x47086824ac42fffcb2d99e8606b74533a77a337c,2026-08-16 23:00:59.000 UTC,3,18735,0.16,0.2991,546.9,2,11,true,false,false,false,1
850,0x2003ec0fff9636584b0f14f2fcd03717cc33deb1,2026-08-16 23:00:59.000 UTC,3,18735,1.1733,2.1982,1482.6,1,11,true,false,false,true,65
851,0xde23f305549bfe358d7d0fe252c2e280d9b7c230,2026-08-16 23:00:59.000 UTC,3,18735,1.2178,2.2815,1510.5,1,11,true,false,false,true,75
852,0x306787b7469b9b4da38c2ca8df67d5ade5a7e9fc,2026-08-16 23:00:59.000 UTC,3,18735,1.1919,2.2331,1494.4,1,11,true,false,false,true,65
853,0x058d75339f9dca082a61fd13de62bc3e620d484f,2026-08-16 23:01:47.000 UTC,3,18730,0.05,0.0937,306,1,1,false,false,true,true,15
854,0x447c1a672e37b3f1c3a5d5c127ab8e770fa077bd,2026-08-16 23:02:11.000 UTC,3,18727,1.2118,2.2693,1506.4,1,11,true,false,false,true,75
855,0xc95673993563d3c6abdb4f9c68ed0af48998f246,2026-08-16 23:02:11.000 UTC,3,18727,1.185,2.2192,1489.7,1,11,true,false,false,true,65
856,0xf07bb19d887d9300dd6a70590c5c05753a44ba53,2026-08-16 23:02:11.000 UTC,3,18727,1.202,2.251,1500.3,1,11,true,false,false,true,75
857,0x986e1dd02a55316c30fe27f799e51749cbcdb363,2026-08-16 23:02:11.000 UTC,3,18727,1.2059,2.2583,1502.7,1,11,true,false,false,true,75
858,0x7a5f8fefa0e203c6c7b3670394e83a30c6cdece9,2026-08-16 23:02:11.000 UTC,3,18727,1.1808,2.2112,1487,1,11,true,false,false,true,65
859,0xc0e4ddf7e44d9f5042de5d50f36e9f8bf5134c93,2026-08-16 23:02:11.000 UTC,3,18727,1.2179,2.2808,1510.2,1,11,true,false,false,true,75
860,0x7fef40f1a5f74beeb57524018dcec948c83b9949,2026-08-16 23:02:11.000 UTC,3,18727,1.2085,2.2631,1504.4,1,11,true,false,false,true,75
861,0xf314fe164bd00d109bd5ae3ee69c0b56fc66e071,2026-08-16 23:02:11.000 UTC,3,18727,1.1975,2.2426,1497.5,1,11,true,false,false,true,65
862,0x4a86bf18bfa222665e1c0a5f2054f65c59f86537,2026-08-16 23:02:11.000 UTC,3,18727,0.055,0.103,320.9,1,11,true,false,true,true,15
863,0x9b64e0ac5d55d7531f071da47b15129d68355629,2026-08-16 23:02:11.000 UTC,3,18727,1.1827,2.2148,1488.2,1,11,true,false,false,true,65
864,0x07a674ed8f58f6c1b32a5965ee398e0a9c9b3d3b,2026-08-16 23:02:11.000 UTC,3,18727,1.1774,2.205,1484.9,1,11,true,false,false,true,65
865,0x2073bade92241f5c286878390f413595ae7bfd22,2026-08-16 23:02:23.000 UTC,3,18725,0.05,0.0936,306,1,1,false,false,true,true,15
866,0x8a4f63af3477616aac08cc71448cc4506f3987dd,2026-08-16 23:02:59.000 UTC,3,18721,0.05,0.0936,305.9,1,1,false,false,true,true,15
867,0x5291cdd9bdfe56791114ba872c0d8f864d7cc2a3,2026-08-16 23:03:35.000 UTC,3,18717,1,1.8431,1357.6,6,1,false,false,false,false,1
868,0xbfb3532b4e905221e56ed4ecb6e20c005a6c2ac8,2026-08-16 23:03:47.000 UTC,3,18716,1.1977,2.2417,1497.2,1,10,true,false,false,true,65
869,0x2146c49c3fdf3f78b47d42e0d2adf81cb022edd9,2026-08-16 23:03:47.000 UTC,3,18716,1.2027,2.2509,1500.3,1,10,true,false,false,true,75
870,0x60cd1021b57f2363dea0c7723bb4502136de365b,2026-08-16 23:03:47.000 UTC,3,18716,1.1978,2.2418,1497.3,1,10,true,false,false,true,65
871,0x7845ba9e801e3e7164311c84c0285b49cade5490,2026-08-16 23:03:47.000 UTC,3,18716,1.2248,2.2924,1514.1,1,10,true,false,false,true,75
872,0xfb84df9925627ed74e62d2e546a296a14a82d618,2026-08-16 23:03:47.000 UTC,3,18716,1.2086,2.262,1504,1,10,true,false,false,true,75
873,0x30e675e6fbaf56b4ef13fb8b863ab5f27bea7ead,2026-08-16 23:03:47.000 UTC,3,18716,1.2037,2.2529,1501,1,10,true,false,false,true,75
874,0xc748a8e074453f318b2dea16a56cad86dc45f342,2026-08-16 23:03:47.000 UTC,3,18716,1.2089,2.2626,1504.2,1,10,true,false,false,true,75
875,0x4bb19409fca9000e78a7c7d0eb742bafff6f0033,2026-08-16 23:03:47.000 UTC,3,18716,1.2158,2.2756,1508.5,1,10,true,false,false,true,75
876,0x516e64afa1f7d06e8e01048ade9e01db3d25b4a4,2026-08-16 23:03:47.000 UTC,3,18716,1.1738,2.1969,1482.2,1,10,true,false,false,true,65
877,0xd099e80d7716f4ade3c0a4460dbbcf33c8ce075d,2026-08-16 23:03:47.000 UTC,3,18716,1.2,2.2459,1498.6,1,10,true,false,false,true,65
878,0x307c0fa67c7ff48ddfb2fda62fe8050f4ee4fac5,2026-08-16 23:04:11.000 UTC,3,18713,1.2045,2.254,1501.3,1,11,true,false,false,true,75
879,0xb9f5f28d04ef94c6cdf9a1eabfa334a2487e2037,2026-08-16 23:04:11.000 UTC,3,18713,1.1761,2.2008,1483.5,1,11,true,false,false,true,65
880,0x61a0a549a7ff1d5abc47860b7438db8082269493,2026-08-16 23:04:11.000 UTC,3,18713,1.2269,2.2959,1515.2,1,11,true,false,false,true,75
881,0xf24ab6fdd8a296d041eab9d1e9a590b8fea89b38,2026-08-16 23:04:11.000 UTC,3,18713,1.1923,2.2311,1493.7,1,11,true,false,false,true,65
882,0xd09c056bae9a7f7db6b72b8d1181c4327b2f6ae2,2026-08-16 23:04:11.000 UTC,3,18713,0.05,0.0936,305.9,1,11,true,false,true,true,15
883,0xe469cd9baa075a151ff66f14a8dde0de4249e1b0,2026-08-16 23:04:11.000 UTC,3,18713,1.187,2.2212,1490.4,1,11,true,false,false,true,65
884,0x17a09178acd46b89d84a8a3378c9f0afa9bfeac5,2026-08-16 23:04:11.000 UTC,3,18713,1.1937,2.2338,1494.6,1,11,true,false,false,true,65
885,0x55a7a4d3a4fb38a3cd8e5e4921b7a0e4eb4ab8e7,2026-08-16 23:04:11.000 UTC,3,18713,1.2274,2.2968,1515.5,1,11,true,false,false,true,75
886,0x44e602088216f477827868b002a2ed5b60bf986e,2026-08-16 23:04:11.000 UTC,3,18713,1.2141,2.2719,1507.3,1,11,true,false,false,true,75
887,0x9cd649687a46cdc744ad8c6ea94c00b7b84a20a0,2026-08-16 23:04:11.000 UTC,3,18713,1.2126,2.2691,1506.4,1,11,true,false,false,true,75
888,0x5ae6c452be790ab68a1076b5e5d1a7639c834e81,2026-08-16 23:04:11.000 UTC,3,18713,1.2102,2.2646,1504.9,1,11,true,false,false,true,75
889,0x9c9842d6b8aba3e8d27412cf1d7709062e6babd2,2026-08-16 23:04:47.000 UTC,3,18709,1.2073,2.2588,1502.9,1,10,true,false,false,true,75
890,0x39e97ad43499a7666c51e19833964620d9d1721b,2026-08-16 23:04:47.000 UTC,3,18709,1.2072,2.2585,1502.8,1,10,true,false,false,true,75
891,0xf7645e7a1d76f6d66936804050c2ded5e12ee4b4,2026-08-16 23:04:47.000 UTC,3,18709,1.2225,2.2871,1512.3,1,10,true,false,false,true,75
892,0x6c9dbc0003375b13d4fcdd3ce840a5dad4e049af,2026-08-16 23:04:47.000 UTC,3,18709,1.2154,2.2739,1508,1,10,true,false,false,true,75
893,0xa16cb8b855658b72c2ebc6e551bf789eb889cb3d,2026-08-16 23:04:47.000 UTC,3,18709,1.1778,2.2035,1484.4,1,10,true,false,false,true,65
894,0x53961b3311da761184574224682da98b0f0a60a5,2026-08-16 23:04:47.000 UTC,3,18709,1.1843,2.2157,1488.5,1,10,true,false,false,true,65
895,0xb9bc86bbdc0ec0b546944a4c69e4690d9db7cf55,2026-08-16 23:04:47.000 UTC,3,18709,1.2094,2.2627,1504.2,1,10,true,false,false,true,75
896,0x7fe3188c0ee86e6cce68ce43e15c6268c47de24a,2026-08-16 23:04:47.000 UTC,3,18709,1.1756,2.1995,1483.1,1,10,true,false,false,true,65
897,0x1e11f7ed17810f9e580dc7709a94d437ab391886,2026-08-16 23:04:47.000 UTC,3,18709,1.2283,2.2979,1515.9,1,10,true,false,false,true,75
898,0xa89e1e9c475b45a9d8b340ce506fa45b3466edfb,2026-08-16 23:04:47.000 UTC,3,18709,1.2187,2.28,1510,1,10,true,false,false,true,75
899,0x3116f4c768695be3fa5fa3cc3f0aad81a89f3aec,2026-08-16 23:07:11.000 UTC,3,18692,0.37,0.5741,757.7,4,1,false,false,false,false,1
900,0x26fa091c76f5e0e8bc0dc9f89b0e508da506601b,2026-08-16 23:07:35.000 UTC,3,18689,1.2163,2.2731,1507.7,1,10,true,false,false,true,75
901,0x85164c50827ce746e534d3354d6eafe87f819beb,2026-08-16 23:07:35.000 UTC,3,18689,1.193,2.2295,1493.2,1,10,true,false,false,true,65
902,0x3212af1df2ffd285fc332bf6edc76f5464b54d15,2026-08-16 23:07:35.000 UTC,3,18689,1.189,2.2221,1490.7,1,10,true,false,false,true,65
903,0x2d5d14034a8cfd22328fa3fe5aacb232ac2665df,2026-08-16 23:07:35.000 UTC,3,18689,1.2255,2.2904,1513.4,1,10,true,false,false,true,75
904,0xa479028cea6fba14c2c7e33f9b0ea2a96a864128,2026-08-16 23:07:35.000 UTC,3,18689,1.213,2.267,1505.6,1,10,true,false,false,true,75
905,0xec708a5ce745a0c3278e9bb1b85a2b9c7df25293,2026-08-16 23:07:35.000 UTC,3,18689,1.1981,2.2392,1496.4,1,10,true,false,false,true,65
906,0x47aad3de1dcbd43016acab85f4653531887f5544,2026-08-16 23:07:35.000 UTC,3,18689,1.177,2.1998,1483.2,1,10,true,false,false,true,65
907,0x6e0dd3ddbbccb4885b8db3e908bf261fd4cad4d4,2026-08-16 23:07:35.000 UTC,3,18689,1.1885,2.2212,1490.4,1,10,true,false,false,true,65
908,0xfb7ab66d5107720d93b02580667006431bbabcf0,2026-08-16 23:07:35.000 UTC,3,18689,1.2118,2.2648,1504.9,1,10,true,false,false,true,75
909,0xd5c55302dcc0205e404ea7eec2b4f2376a2f38de,2026-08-16 23:07:35.000 UTC,3,18689,1.1946,2.2326,1494.2,1,10,true,false,false,true,65
910,0x23991d8eec6b36d883fd7cb3a7ea3cb3c7d201ac,2026-08-16 23:07:47.000 UTC,3,18688,70,130.816,11437.5,1,1,false,false,false,false,1
911,0xd139b8522d7e782856162e4f4f7b72ebd2e83490,2026-08-16 23:07:59.000 UTC,3,18687,0.15,0.28,529.1,2,1,false,false,false,false,1
912,0x266ce43dc53fa0128d1367e9d70867d1b52ed3d3,2026-08-16 23:08:35.000 UTC,3,18682,70,130.774,11435.6,1,2,false,false,false,false,1
913,0x268b40450c33e7de5eb9e6897f0bcf7007078c2a,2026-08-16 23:08:35.000 UTC,3,18682,0.15,0.2744,523.8,2,2,false,false,false,false,1
914,0x8e04ebc67e5078f8fde2cd0b4b3fbfa703fea036,2026-08-16 23:09:11.000 UTC,3,18678,70,130.746,11434.4,1,1,false,false,false,false,1
915,0x49b5e39cf80bbd57357b15ccddde5c4d3f2161fa,2026-08-16 23:09:23.000 UTC,3,18677,6.4971,12.1346,3483.5,1,1,false,false,false,false,1
916,0xd9d36a31de03dda5365f420844ed25d03d4735be,2026-08-16 23:10:35.000 UTC,3,18669,1.2287,2.2938,1514.5,1,10,true,false,false,true,75
917,0x4eb36a6e6888051c722a5790a991be25b844d21b,2026-08-16 23:10:35.000 UTC,3,18669,1.183,2.2086,1486.1,1,10,true,false,false,true,65
918,0x39a017e8ab77e993f6079c48383a3fe1cf49367a,2026-08-16 23:10:35.000 UTC,3,18669,1.2203,2.2781,1509.3,1,10,true,false,false,true,75
919,0x4b557b4fce0d01c71acc017e335c9965ba98af14,2026-08-16 23:10:35.000 UTC,3,18669,1.1869,2.2158,1488.5,1,10,true,false,false,true,65
920,0xcb768ea7606f049d1ced033a906ba39cc5f796b2,2026-08-16 23:10:35.000 UTC,3,18669,1.2296,2.2955,1515.1,1,10,true,false,false,true,75
921,0x4f95586f0be630008d9dc51cc5453ed469a75486,2026-08-16 23:10:35.000 UTC,3,18669,1.173,2.19,1479.8,1,10,true,false,false,true,65
922,0x768ecd41fafe6c0dbba0170c858fcf35b8eae992,2026-08-16 23:10:35.000 UTC,3,18669,1.2186,2.275,1508.3,1,10,true,false,false,true,75
923,0x1334cca52d8f8a3c29ed5e729ce18ad1405ad481,2026-08-16 23:10:35.000 UTC,3,18669,1.1739,2.1915,1480.4,1,10,true,false,false,true,65
924,0x8a52f8e58ae6a43ab8b224a846b941fcad32357f,2026-08-16 23:10:35.000 UTC,3,18669,1.218,2.274,1508,1,10,true,false,false,true,75
925,0xdbc4af64e76e1ed2a835a8ce8f328f95c3ddebf6,2026-08-16 23:10:35.000 UTC,3,18669,1.1986,2.2376,1495.9,1,10,true,false,false,true,65
926,0xf72d3c9f7100454b248b6976921963816600333d,2026-08-16 23:10:47.000 UTC,3,18667,70,130.669,11431.1,1,1,false,false,false,false,1
927,0x0180e6b83cbee7646e75e3477022857da46ff1da,2026-08-16 23:11:35.000 UTC,3,18662,70,130.634,11429.5,1,2,false,false,false,false,1
928,0xeafcb3d7128c81a948f9784529168127a7392d25,2026-08-16 23:11:35.000 UTC,3,18662,5,9.331,3054.7,1,2,false,false,false,false,1
929,0x6c0a4609b18b5500aee185b41a5cc336dc02cbe2,2026-08-16 23:12:11.000 UTC,3,18657,1.2015,2.2417,1497.2,1,10,true,false,false,true,65
930,0x388ec78a8d9e1adf5c64cb709a5665d9c7a82955,2026-08-16 23:12:11.000 UTC,3,18657,1.1881,2.2166,1488.8,1,10,true,false,false,true,65
931,0xe57993851e32a626f4a8e8809eeaa49d5ad691cb,2026-08-16 23:12:11.000 UTC,3,18657,1.1949,2.2294,1493.1,1,10,true,false,false,true,65
932,0xa3551cbe056e50654779cb17f7e572b371a55aad,2026-08-16 23:12:11.000 UTC,3,18657,1.1797,2.201,1483.6,1,10,true,false,false,true,65
933,0xda3327369a79a2db82f8ce3ab894e5a65f0e611b,2026-08-16 23:12:11.000 UTC,3,18657,1.206,2.25,1500,1,10,true,false,false,true,65
934,0x2b59de9db0a005f41c9330a3980c4f7b127f48ef,2026-08-16 23:12:11.000 UTC,3,18657,1.1825,2.2062,1485.3,1,10,true,false,false,true,65
935,0x2738bb43a8d13d6258464ed212555bfa4378fa84,2026-08-16 23:12:11.000 UTC,3,18657,1.1792,2.2,1483.2,1,10,true,false,false,true,65
936,0xb9e8516fe9c13ead3814e27782f60c35e1eae3a1,2026-08-16 23:12:11.000 UTC,3,18657,1.2279,2.291,1513.6,1,10,true,false,false,true,75
937,0x491b44f28f4d75415eaea5e5d9f5c92303933779,2026-08-16 23:12:11.000 UTC,3,18657,1.185,2.2109,1486.9,1,10,true,false,false,true,65
938,0x74e5cec35c58ef330a9e167d2a471fb24b9ec06f,2026-08-16 23:12:11.000 UTC,3,18657,1.2141,2.2651,1505,1,10,true,false,false,true,75
939,0x66333aa493545ebe2c6a137044766d7ce2ebd956,2026-08-16 23:12:23.000 UTC,3,18656,70,130.592,11427.7,1,1,false,false,false,false,1
940,0x02f2683bb8c7915c3543b60e70f68b6f5d35c9d1,2026-08-16 23:12:47.000 UTC,3,18653,1.2104,2.2577,1502.6,1,10,true,false,false,true,75
941,0x3bbc7b1fa223909d1cc36843d2b4a375a6390328,2026-08-16 23:12:47.000 UTC,3,18653,1.1839,2.2083,1486,1,10,true,false,false,true,65
942,0xc62edfbdb9fac4d7a26ac9e08a60565b16a207e3,2026-08-16 23:12:47.000 UTC,3,18653,1.2261,2.287,1512.3,1,10,true,false,false,true,75
943,0x0c04f9f878b068ea2d11499f210870597d6f237d,2026-08-16 23:12:47.000 UTC,3,18653,1.2075,2.2523,1500.8,1,10,true,false,false,true,75
944,0xbbeb5e614120ce129934e8bfb8501586b2391cc1,2026-08-16 23:12:47.000 UTC,3,18653,1.208,2.2533,1501.1,1,10,true,false,false,true,75
945,0x7cd138f45015926fab1ae6c17f3cf93f80befdbf,2026-08-16 23:12:47.000 UTC,3,18653,1.1796,2.2003,1483.4,1,10,true,false,false,true,65
946,0x4246eadab60c3e1cebeac69e54026ef6920fa0f9,2026-08-16 23:12:47.000 UTC,3,18653,1.1773,2.1959,1481.9,1,10,true,false,false,true,65
947,0x7b5dc81409dbfd53d7cbf55037a973c7dac4cc02,2026-08-16 23:12:47.000 UTC,3,18653,1.2224,2.2801,1510,1,10,true,false,false,true,75
948,0xd081965ec85f38fcccd9eee5306517d040ca5f26,2026-08-16 23:12:47.000 UTC,3,18653,1.228,2.2905,1513.4,1,10,true,false,false,true,75
949,0x957b9f54b98700d883e8a6e696ab49e991b8895d,2026-08-16 23:12:47.000 UTC,3,18653,1.1992,2.2369,1495.6,1,10,true,false,false,true,65
950,0x82419b022f2510306b4ab0d298fc0ebb6c5eabf7,2026-08-16 23:13:11.000 UTC,3,18650,1.2189,2.2733,1507.7,1,10,true,false,false,true,75
951,0x6a35db55474c11222377901b09305e6e240cb45b,2026-08-16 23:13:11.000 UTC,3,18650,1.2107,2.2579,1502.6,1,10,true,false,false,true,75
952,0xff84d73fbfe94c7e7f5c74770a2afa83ddf83130,2026-08-16 23:13:11.000 UTC,3,18650,1.2254,2.2854,1511.8,1,10,true,false,false,true,75
953,0x83c3f8fb963f68e14dcca3f0794c183e2162a793,2026-08-16 23:13:11.000 UTC,3,18650,1.207,2.2511,1500.4,1,10,true,false,false,true,75
954,0x69e7df62346ae2d51860cefe62c728cca5c7240c,2026-08-16 23:13:11.000 UTC,3,18650,1.1789,2.1987,1482.8,1,10,true,false,false,true,65
955,0x19dff00df9526bac791ae447ce3830c4a024fd1b,2026-08-16 23:13:11.000 UTC,3,18650,1.1983,2.2349,1495,1,10,true,false,false,true,65
956,0x7b424e7003e39512e785e7394fb8da8fed9c9717,2026-08-16 23:13:11.000 UTC,3,18650,1.2178,2.2711,1507,1,10,true,false,false,true,75
957,0x46d95439325c34c67f611513f5079db078fb62dc,2026-08-16 23:13:11.000 UTC,3,18650,1.1869,2.2136,1487.8,1,10,true,false,false,true,65
958,0x6bd565517450b84feb3f97f4819771539bb78bdd,2026-08-16 23:13:11.000 UTC,3,18650,1.2109,2.2583,1502.8,1,10,true,false,false,true,75
959,0x7b5fd20c59c3ab3cef809332da67eda5b0c441d5,2026-08-16 23:13:11.000 UTC,3,18650,1.2198,2.2749,1508.3,1,10,true,false,false,true,75
960,0xab052768ac9a632a79ec947fae2965b0aee8a319,2026-08-16 23:13:23.000 UTC,3,18649,70,130.543,11425.5,1,1,false,false,false,false,1
961,0xe6ba67ad5d167b9093844e0997d6fadebba2fe27,2026-08-16 23:13:47.000 UTC,3,18646,1.1843,2.2082,1486,1,10,true,false,false,true,65
962,0x7f73d78b82694b728ad2baf6d7c2ccffa8dc6fad,2026-08-16 23:13:47.000 UTC,3,18646,1.1766,2.1939,1481.2,1,10,true,false,false,true,65
963,0xc841b244d587470244748fc49a7396086e142080,2026-08-16 23:13:47.000 UTC,3,18646,1.1883,2.2157,1488.5,1,10,true,false,false,true,65
964,0xe9e7e85eaf125ef00df2ca9c3f3bc452defa8973,2026-08-16 23:13:47.000 UTC,3,18646,1.2014,2.2401,1496.7,1,10,true,false,false,true,65
965,0x6dfed93b43ac334d3ffc34185064c303089626a7,2026-08-16 23:13:47.000 UTC,3,18646,1.2151,2.2657,1505.2,1,10,true,false,false,true,75
966,0xad23c382d272a90832c97ef88e821aaf745325ff,2026-08-16 23:13:47.000 UTC,3,18646,1.2172,2.2695,1506.5,1,10,true,false,false,true,75
967,0x0720e78808fe77690a5f4ead1898ed04b40d06f0,2026-08-16 23:13:47.000 UTC,3,18646,1.2147,2.2649,1505,1,10,true,false,false,true,75
968,0x8547facc506ef443518edcbc25e07aabb500633c,2026-08-16 23:13:47.000 UTC,3,18646,1.1945,2.2272,1492.4,1,10,true,false,false,true,65
969,0xb528a1b2ed21513b6812d4a62809a168719ad576,2026-08-16 23:13:47.000 UTC,3,18646,1.1768,2.1942,1481.3,1,10,true,false,false,true,65
970,0xb4f111f638ce3a638e567cf3473c613f68248ced,2026-08-16 23:13:47.000 UTC,3,18646,1.2213,2.2772,1509,1,10,true,false,false,true,75
971,0xb35767f035d52baea8f034f29b150cb62895d7aa,2026-08-16 23:14:11.000 UTC,3,18644,1.2132,2.2618,1503.9,1,10,true,false,false,true,75
972,0xcafbc4ad8c93ed052a99d43ec6491c30c388770f,2026-08-16 23:14:11.000 UTC,3,18644,1.225,2.2839,1511.3,1,10,true,false,false,true,75
973,0x1eea7189cdc6b6ae94313dcd705b9def9eddc39f,2026-08-16 23:14:11.000 UTC,3,18644,1.2079,2.252,1500.7,1,10,true,false,false,true,75
974,0xe8c8e57b3cdc81e4263936c3ea11950f001a3c1e,2026-08-16 23:14:11.000 UTC,3,18644,1.1926,2.2234,1491.1,1,10,true,false,false,true,65
975,0xa93ad0c12f895f5084d2b9f47daff82c3def8d7f,2026-08-16 23:14:11.000 UTC,3,18644,1.1944,2.2268,1492.2,1,10,true,false,false,true,65
976,0x20159140a4935ea6685bb7c63dfa9adf55952769,2026-08-16 23:14:11.000 UTC,3,18644,1.211,2.2578,1502.6,1,10,true,false,false,true,75
977,0x41d8224684af91a161dd0d6e7bd059d9bcd914cf,2026-08-16 23:14:11.000 UTC,3,18644,1.1925,2.2232,1491,1,10,true,false,false,true,65
978,0x8fb2ce72a36fe8307a7693fca6fbad47ab245098,2026-08-16 23:14:11.000 UTC,3,18644,1.2137,2.2627,1504.2,1,10,true,false,false,true,75
979,0x027eaea05b12cb4eedb91dc0e728cfc531c9dd1d,2026-08-16 23:14:11.000 UTC,3,18644,1.2217,2.2776,1509.2,1,10,true,false,false,true,75
980,0x876ccc5bc47a0ea2e69b4e0b94347b6fdb71af1e,2026-08-16 23:14:11.000 UTC,3,18644,1.2272,2.288,1512.6,1,10,true,false,false,true,75
981,0x7a83e6c401c5237863104cdfa1fe2a5730e1bee9,2026-08-16 23:14:35.000 UTC,3,18641,0.06,0.1118,334.4,1,1,false,false,true,true,15
982,0x17dd311493e34e905070cf40ee0e06b20f5481a5,2026-08-16 23:15:35.000 UTC,3,18634,0.95,1.7571,1325.5,10,1,false,false,false,false,1
983,0x3c15fc1a7cb921459508f139ae0ae963b883c6c4,2026-08-16 23:15:59.000 UTC,3,18631,0.45,0.8384,915.6,1,1,false,false,false,false,1
984,0x382104726caab17096599b7e1e6316495d820ac1,2026-08-16 23:18:23.000 UTC,3,18614,70,130.298,11414.8,1,1,false,false,false,false,1
985,0xf80f4a11eeab430aa02f87d49a6db32c90d00194,2026-08-16 23:18:35.000 UTC,3,18613,1.15,2.1091,1452.3,12,1,false,false,false,false,1
986,0xa9d85386050ef91d65da21b6d0362f757c6b4ef2,2026-08-16 23:18:47.000 UTC,3,18612,0.211,0.3899,624.4,2,1,false,false,false,false,1
987,0x221fecf89eea4924abb8bde051b4a9d16c0633cd,2026-08-16 23:19:11.000 UTC,3,18609,0.05,0.093,305,1,2,false,false,true,true,15
988,0xd03c069c493f0ad009ad54985d9f9f904cc7613e,2026-08-16 23:19:11.000 UTC,3,18609,70,130.263,11413.3,1,2,false,false,false,false,1
989,0x2cb296048f52424eb3f5bedff035f7c4d6dd9396,2026-08-16 23:19:23.000 UTC,3,18607,0.05,0.093,305,1,1,false,false,true,true,15
990,0x1c86cf0581ebe94546f213aab2ae4d27838cdab2,2026-08-16 23:19:47.000 UTC,3,18605,0.08,0.1488,385.8,1,2,false,false,true,true,15
991,0x8976a268ec70cf8549bc93c10e297ac8e16ad102,2026-08-16 23:19:47.000 UTC,3,18605,0.4,0.7442,862.7,1,2,false,false,false,false,1
992,0xb3e845eae432eed5f2ac8851202030f4c904666f,2026-08-16 23:20:11.000 UTC,3,18602,0.05,0.093,305,1,1,false,false,true,true,15
993,0x146e0526d23bfdcf6d8dc6f56b9920baa91d3f2f,2026-08-16 23:20:35.000 UTC,3,18599,0.051,0.0949,308,1,2,false,false,true,true,15
994,0x9c4f8c9d3a94a1822bd5d4a829903d4e114ee9a1,2026-08-16 23:20:35.000 UTC,3,18599,0.5,0.93,964.3,1,2,false,false,false,false,1
995,0xfcf083b04a25ea6403f2a38b8e275c57e48e2c06,2026-08-16 23:20:59.000 UTC,3,18596,1.4,2.6034,1613.5,1,1,false,false,false,false,1
996,0x7e788209df79c476d97a309324a9bf95bcd72e97,2026-08-16 23:21:35.000 UTC,3,18592,70,130.144,11408.1,1,1,false,false,false,false,1
997,0x3e3544d9dd4f242a4faec40f8b836c7629b4b1d5,2026-08-16 23:21:47.000 UTC,3,18591,0.25,0.4618,679.5,3,1,false,false,false,false,1
998,0xc8597d79bce0a06393832ae98033c5bb2aa2d529,2026-08-16 23:22:59.000 UTC,3,18582,0.06,0.1115,333.9,1,2,false,false,true,true,15
999,0x4337abcc609b2a278fff4314830d271b3dbbfab4,2026-08-16 23:22:59.000 UTC,3,18582,70,130.074,11405,1,2,false,false,false,false,1
1000,0x3730ce983bcde8a76c00e5fafea7b2f89feb10b0,2026-08-16 23:24:11.000 UTC,3,18574,70,130.018,11402.5,1,1,false,false,false,false,1
